RoadSurfaceCondition,EventHitandRun,EventLocationOnRoadway,EventWeatherCondition,EventWorkZone,PedestrianInvolved,BicycleInvolved,Intoxication,Speeding,DisregardControl,NightTime,HeavyTruck,MotorCycle,AnimalInvolved,ElectronicDistraction,Driver1Sex,Driver1Condition,Driver1AlcoholUse,Driver1DrugUse,Vehicle1Damage,PropertyDamageAmount,HighestSeverity
Wet,No,Shoulder,Cloudy,No,0,0,0,0,0,1,0,0,0,0,Female,Apparently Normal,No,No,15000,2000,Non-incapacitating
Dry,No,Shoulder,Clear,No,0,0,1,0,0,1,0,0,0,0,Male,Under the influence of Medications/Drugs/Alcohol,No,Unknown,10000,0,Non-incapacitating
Wet,No,Off Roadway,Cloudy,No,0,0,0,0,0,1,0,0,0,0,Female,Apparently Normal,No,No,20000,0,Fatal
Dry,No,Median,Clear,No,0,0,0,0,0,0,0,0,0,0,Male,Apparently Normal,No,No,3500,1000,Possible
Wet,No,Shoulder,Rain,No,0,0,0,0,0,0,0,0,0,0,Male,Apparently Normal,No,No,8000,0,Incapacitating
Wet,No,Shoulder,Rain,No,0,0,0,0,0,1,0,0,0,0,Male,Apparently Normal,No,No,5000,0,Incapacitating
Dry,No,Shoulder,Clear,No,1,0,0,0,0,0,0,0,0,0,Male,"Seizure, Epilepsy, Blackout",No,No,500,100,Non-incapacitating
Dry,No,Shoulder,Clear,No,0,0,0,0,0,1,0,1,0,0,Male,Unknown,No,Unknown,2500,0,Fatal
Dry,No,Shoulder,Clear,No,0,0,0,0,0,1,0,0,0,0,Female,Apparently Normal,No,No,10000,0,Fatal
Dry,Yes,Shoulder,Clear,No,0,1,1,0,0,0,0,0,0,0,Male,Under the influence of Medications/Drugs/Alcohol,Yes,No,6000,100,Fatal
Dry,No,Shoulder,Clear,No,0,0,0,0,0,0,0,0,0,0,Male,Apparently Normal,No,No,20000,0,Fatal
Dry,No,Median,Clear,No,0,0,0,0,0,0,0,0,0,0,Female,Apparently Normal,No,No,10000,1000,Possible
Wet,No,Shoulder,Rain,No,0,0,0,0,0,0,0,0,0,0,Female,Apparently Normal,No,No,5000,0,Possible
Wet,No,Shoulder,Cloudy,No,0,0,0,0,0,0,0,0,0,0,Male,Apparently Normal,No,No,5000,0,Non-incapacitating
Dry,No,Shoulder,Cloudy,Yes,0,0,0,0,0,0,0,0,0,0,Female,Asleep or Fatigued,No,No,7000,3200,Non-incapacitating
Wet,No,Shoulder,Rain,No,0,0,0,0,0,0,0,0,0,0,Male,Apparently Normal,No,No,5000,0,Non-incapacitating
Wet,No,Median,Rain,No,0,0,0,0,0,1,0,0,0,0,Female,Unknown,No,No,3000,0,Possible
Wet,No,Shoulder,Rain,No,0,0,0,0,0,0,0,0,0,0,Female,Apparently Normal,No,No,10000,0,Possible
Dry,No,Shoulder,Cloudy,No,0,0,0,0,0,1,0,0,0,0,Male,Apparently Normal,No,No,5000,0,Non-incapacitating
Wet,No,Shoulder,Rain,No,0,0,0,0,0,0,0,0,0,0,Female,Apparently Normal,No,No,2500,0,Possible
Dry,No,Roadside,Clear,Yes,0,0,0,0,0,0,1,0,0,0,Male,Unknown,No,No,40000,2500,Non-incapacitating
Dry,No,On Roadway,Clear,No,0,0,0,0,0,0,0,0,0,0,Female,Apparently Normal,No,No,3000,50,Possible
Dry,No,On Roadway,Clear,No,0,0,0,0,0,0,0,1,0,0,Male,Apparently Normal,No,No,2000,0,Non-incapacitating
Dry,No,On Roadway,Clear,No,0,0,0,0,0,0,0,0,0,0,Female,Apparently Normal,No,No,2000,0,Non-incapacitating
Wet,No,Shoulder,Rain,No,0,0,0,0,0,1,0,0,0,0,Female,Apparently Normal,No,No,5000,0,Possible
Dry,No,Off Roadway,Clear,No,0,0,0,0,0,0,0,0,0,0,Male,Unknown,No,Unknown,25000,0,Fatal
Dry,No,Separator,Clear,No,0,0,0,0,0,1,0,0,0,0,Male,Unknown,No,Unknown,3000,0,Possible
Wet,No,Median,Rain,No,0,0,0,0,0,0,0,0,0,1,Male,Apparently Normal,No,No,4000,1000,Possible
Wet,No,Shoulder,Rain,No,0,0,0,0,0,0,0,0,0,0,Female,Apparently Normal,No,No,2000,2000,Non-incapacitating
Dry,No,Off Roadway,Cloudy,No,0,0,0,0,0,1,0,0,0,0,Female,Asleep or Fatigued,No,No,8000,0,Incapacitating
Dry,No,On Roadway,Cloudy,No,0,0,0,0,0,0,0,0,0,0,Male,Apparently Normal,No,No,3000,0,Non-incapacitating
Dry,No,Shoulder,Cloudy,No,0,0,1,0,0,1,0,0,0,0,Male,Under the influence of Medications/Drugs/Alcohol,Yes,Unknown,5000,0,Fatal
Dry,No,On Roadway,Cloudy,No,0,0,0,0,0,0,0,0,0,0,Female,Apparently Normal,No,No,6500,300,Possible
Dry,No,Shoulder,Clear,Yes,0,0,0,0,0,0,0,0,0,0,Male,Apparently Normal,No,No,5000,500,Possible
Wet,No,On Roadway,Rain,No,0,0,0,0,0,1,0,0,0,0,Female,Apparently Normal,No,No,4000,0,Possible
Dry,No,Shoulder,Cloudy,No,0,0,0,0,0,0,0,0,0,0,Female,Apparently Normal,No,No,5000,2000,Non-incapacitating
Dry,No,Shoulder,Clear,No,0,0,0,0,0,0,0,1,0,0,Male,Ill (sick) or Fainted,No,No,500,0,Possible
Wet,No,Shoulder,Cloudy,No,0,0,0,0,0,1,0,0,0,0,Male,Apparently Normal,No,No,10000,2000,Possible
Wet,No,Shoulder,Rain,No,0,0,0,0,0,1,0,0,0,0,Female,Apparently Normal,No,No,5000,100,Non-incapacitating
Dry,No,Off Roadway,Clear,No,0,0,0,0,0,1,0,0,0,0,Female,Apparently Normal,No,No,10000,0,Non-incapacitating
Dry,No,Median,Clear,Yes,0,0,1,0,0,1,0,0,0,0,Female,Under the influence of Medications/Drugs/Alcohol,No,No,15000,0,Incapacitating
Dry,No,Shoulder,Clear,Yes,0,0,0,0,0,1,0,0,0,0,Female,Apparently Normal,No,No,20000,4000,Possible
Dry,No,Median,Cloudy,No,0,0,0,0,0,0,0,0,0,0,Male,Apparently Normal,No,No,2500,500,Possible
Dry,No,Shoulder,Cloudy,No,0,0,0,0,0,0,0,0,0,0,Male,Apparently Normal,No,No,8000,0,Possible
Wet,No,Median,Cloudy,No,0,0,0,0,0,0,0,0,0,0,Male,Apparently Normal,No,No,1300,500,Possible
Wet,No,Shoulder,Cloudy,No,0,0,0,0,0,0,0,0,0,0,Male,Apparently Normal,No,No,20000,400,Possible
Dry,No,Shoulder,Clear,No,0,0,0,0,0,1,0,0,0,0,Male,Asleep or Fatigued,No,No,10000,25000,Non-incapacitating
Wet,No,Off Roadway,Rain,No,0,0,0,0,0,0,0,0,0,0,Female,Apparently Normal,No,No,7000,0,Possible
Wet,No,Median,Rain,No,0,0,0,0,0,0,0,0,0,0,Male,Apparently Normal,No,No,2000,1000,Non-incapacitating
Dry,Yes,Shoulder,Clear,No,1,0,0,0,0,1,0,0,0,0,Male,Unknown,No,Unknown,6000,0,Fatal
Dry,No,Off Roadway,Clear,No,0,0,0,0,0,1,0,0,0,0,Female,Apparently Normal,No,No,6000,0,Non-incapacitating
Dry,No,Shoulder,Clear,No,0,0,1,0,0,1,0,0,0,0,Female,Under the influence of Medications/Drugs/Alcohol,Yes,No,15000,0,Non-incapacitating
Dry,No,Off Roadway,Clear,No,0,0,0,0,0,1,0,0,0,0,Female,Apparently Normal,No,No,5000,0,Non-incapacitating
Dry,No,Off Roadway,Clear,No,0,0,0,0,0,1,0,0,0,0,Female,Apparently Normal,No,No,10000,0,Incapacitating
Dry,No,Median,Clear,Yes,0,0,0,0,0,0,0,0,0,0,Male,Apparently Normal,No,No,5000,0,Possible
Dry,No,Off Roadway,Clear,No,0,0,1,0,0,1,0,0,0,0,Female,Under the influence of Medications/Drugs/Alcohol,Yes,No,10000,0,Fatal
Dry,No,Off Roadway,Clear,No,0,0,0,0,0,0,0,0,0,0,Male,Apparently Normal,No,No,6000,300,Possible
Dry,No,On Roadway,Cloudy,No,0,0,0,0,0,0,1,0,0,0,Male,Apparently Normal,No,No,10000,0,Possible
Dry,No,Off Roadway,Clear,No,0,0,0,0,0,1,0,0,0,0,Female,Apparently Normal,No,No,10000,500,Possible
Dry,No,Shoulder,Clear,Yes,0,0,0,0,0,1,0,0,0,0,Male,Apparently Normal,No,No,5000,600,Incapacitating
Dry,No,Shoulder,Cloudy,No,0,0,0,0,0,1,0,0,0,0,Male,Apparently Normal,No,No,7000,0,Possible
Dry,No,Shoulder,Clear,No,0,0,0,0,0,0,0,0,0,0,Male,Apparently Normal,No,No,5000,2000,Possible
Dry,No,On Roadway,Clear,No,0,0,0,0,0,0,0,0,0,0,Male,Apparently Normal,No,No,4000,50,Non-incapacitating
Wet,No,Off Roadway,Cloudy,No,0,0,0,0,0,1,0,0,0,0,Male,Apparently Normal,No,No,5000,0,Non-incapacitating
Dry,No,Shoulder,Cloudy,No,0,0,0,0,0,1,0,1,0,0,Male,Apparently Normal,No,No,5000,0,Incapacitating
Wet,No,Off Roadway,Cloudy,No,0,0,0,0,0,1,0,0,0,0,Male,Apparently Normal,No,No,8000,5000,Incapacitating
Dry,No,Off Roadway,Clear,No,0,0,0,0,0,1,0,0,0,0,Male,Apparently Normal,No,No,10000,1000,Non-incapacitating
Dry,No,Median,Clear,No,0,0,0,0,0,0,0,0,0,0,Male,Apparently Normal,No,No,1500,0,Possible
Dry,No,On Roadway,Clear,No,0,0,0,0,0,0,0,0,0,0,Female,Apparently Normal,No,No,4000,0,Non-incapacitating
Wet,No,Shoulder,Rain,No,0,0,0,0,0,1,0,0,0,0,Female,Apparently Normal,No,No,5000,5000,Possible
Wet,No,Off Roadway,Rain,Yes,0,0,0,0,0,0,0,0,0,0,Male,Apparently Normal,No,No,4000,1000,Possible
Wet,No,Off Roadway,Cloudy,No,0,0,0,0,0,1,0,0,0,0,Female,Apparently Normal,No,No,6500,0,Non-incapacitating
Dry,No,Off Roadway,Clear,No,0,0,1,0,0,1,0,0,0,0,Male,Under the influence of Medications/Drugs/Alcohol,Yes,No,4000,0,Non-incapacitating
Dry,No,Off Roadway,Clear,No,0,0,0,0,0,1,0,0,0,0,Female,Apparently Normal,No,No,6000,1000,Non-incapacitating
Dry,No,Off Roadway,Clear,No,0,0,0,0,0,0,0,0,0,0,Female,Apparently Normal,No,No,10000,0,Possible
Dry,No,On Roadway,Clear,No,0,0,0,0,0,1,0,1,0,0,Male,Apparently Normal,No,No,1800,0,Non-incapacitating
Dry,No,Off Roadway,Clear,No,0,0,0,0,0,0,0,0,0,0,Male,Ill (sick) or Fainted,No,No,8000,2000,Possible
Dry,No,On Roadway,Cloudy,No,0,0,0,0,0,0,0,0,0,0,Female,Apparently Normal,No,No,10000,0,Incapacitating
Dry,No,On Roadway,Clear,No,0,0,0,0,0,0,0,0,0,0,Male,Apparently Normal,No,No,10000,0,Possible
Dry,No,On Roadway,Clear,No,0,0,0,0,0,0,0,0,0,0,Male,Apparently Normal,No,No,2000,0,Possible
Dry,No,Off Roadway,Clear,No,0,0,0,0,0,0,1,0,0,0,Male,Apparently Normal,No,No,60000,12000,Possible
Dry,No,Shoulder,Clear,No,0,0,0,0,0,1,0,0,0,0,Female,Apparently Normal,No,No,15000,2500,Possible
Dry,No,Off Roadway,Clear,No,0,0,0,0,0,1,0,0,0,0,Male,Apparently Normal,No,No,10000,0,Possible
Dry,No,Shoulder,Clear,No,0,0,0,0,0,0,0,0,0,0,Female,Apparently Normal,No,No,2000,0,Possible
Dry,No,On Roadway,Clear,No,0,0,0,0,0,1,0,1,0,0,Male,Apparently Normal,No,No,2000,0,Non-incapacitating
Dry,No,Median,Cloudy,No,0,0,0,0,0,0,0,0,0,0,Female,Apparently Normal,No,No,7000,10000,Incapacitating
Dry,No,On Roadway,Cloudy,No,0,0,0,0,0,0,0,1,0,0,Male,Apparently Normal,No,No,1000,0,Non-incapacitating
Dry,No,Off Roadway,Cloudy,No,0,0,1,0,0,1,0,0,0,0,Male,Under the influence of Medications/Drugs/Alcohol,Yes,No,18000,3500,Non-incapacitating
Dry,No,Median,Clear,No,0,0,0,0,0,0,0,0,0,0,Female,Apparently Normal,No,No,12000,5000,Non-incapacitating
Dry,No,On Roadway,Clear,No,0,0,0,0,0,0,0,0,0,0,Male,Unknown,No,No,10000,0,Incapacitating
Dry,No,Median,Clear,No,0,0,0,0,0,0,0,0,0,0,Male,Apparently Normal,No,No,10000,0,Incapacitating
Dry,No,Off Roadway,Cloudy,No,0,0,0,0,0,1,0,0,0,0,Male,Apparently Normal,No,No,8000,2000,Possible
Dry,No,On Roadway,Clear,No,0,0,0,0,0,0,0,0,0,0,Female,Asleep or Fatigued,No,No,10000,0,Possible
Dry,No,On Roadway,Clear,No,0,0,0,0,0,0,0,0,0,0,Female,Apparently Normal,No,No,25000,0,Non-incapacitating
Wet,No,Off Roadway,Cloudy,No,0,0,1,0,0,1,0,0,0,0,Female,Under the influence of Medications/Drugs/Alcohol,Yes,No,3500,0,Possible
Wet,No,Shoulder,Rain,No,0,0,0,0,0,1,0,0,0,0,Male,Apparently Normal,No,No,9000,10000,Possible
Dry,No,On Roadway,Clear,No,0,0,0,0,0,0,0,0,0,0,Male,"Seizure, Epilepsy, Blackout",No,No,1500,1000,Non-incapacitating
Dry,No,On Roadway,Cloudy,No,0,0,0,0,0,0,0,0,0,0,Male,Apparently Normal,No,No,2500,0,Possible
Dry,No,Shoulder,Clear,No,0,0,0,0,0,0,0,0,0,0,Male,Apparently Normal,No,No,5000,10,Possible
Dry,No,On Roadway,Cloudy,No,0,0,0,0,0,0,0,0,0,0,Female,Apparently Normal,No,No,7000,1423,Non-incapacitating
Dry,No,Shoulder,Clear,No,0,0,0,0,0,1,0,0,0,0,Male,Apparently Normal,No,No,8000,0,Possible
Dry,No,Shoulder,Clear,No,0,0,0,0,0,0,0,0,0,0,Male,Apparently Normal,No,No,10000,1000,Incapacitating
Dry,No,Off Roadway,Clear,No,0,0,0,0,0,0,0,0,0,0,Female,Apparently Normal,No,No,5000,1000,Non-incapacitating
Wet,No,Shoulder,Cloudy,No,0,0,0,0,0,0,0,0,0,0,Female,"Other, Explain in Narrative",No,No,6000,2000,Possible
Dry,No,Off Roadway,Clear,No,0,0,0,0,0,0,0,0,0,0,Male,Apparently Normal,No,No,5000,0,Non-incapacitating
Dry,No,Off Roadway,Clear,No,0,0,0,0,0,1,0,0,0,0,Male,Apparently Normal,No,No,10000,0,Non-incapacitating
Wet,No,Off Roadway,Rain,No,0,0,0,0,0,1,0,0,0,0,Female,Apparently Normal,No,No,10000,0,Non-incapacitating
Wet,No,Off Roadway,Cloudy,No,0,0,0,0,0,1,0,0,0,0,Male,Apparently Normal,No,No,5000,0,Possible
Dry,No,Shoulder,Clear,Yes,0,0,0,0,0,1,0,0,0,0,Female,Apparently Normal,No,No,5000,30000,Possible
Dry,No,On Roadway,Clear,Yes,0,0,0,0,0,1,0,1,0,0,Male,Apparently Normal,No,No,1500,0,Incapacitating
Dry,No,Off Roadway,Clear,No,0,0,0,0,1,0,0,0,0,0,Female,Apparently Normal,No,No,10000,5000,Non-incapacitating
Dry,No,Shoulder,Clear,Yes,0,0,0,0,0,1,0,0,0,0,Male,Apparently Normal,No,No,5000,500,Incapacitating
Wet,No,On Roadway,Rain,No,0,0,0,0,0,1,0,0,0,0,Male,Apparently Normal,No,No,5000,500,Possible
Dry,Yes,On Roadway,Clear,No,0,0,0,0,0,1,0,0,0,0,Female,Apparently Normal,No,No,100,0,Possible
Dry,No,Shoulder,Clear,No,0,0,0,0,0,0,0,0,0,0,Male,Unknown,No,Unknown,10000,0,Fatal
Dry,No,On Roadway,Clear,No,0,0,0,0,0,0,1,0,0,0,Male,Apparently Normal,No,No,25000,0,Non-incapacitating
Dry,No,On Roadway,Clear,No,0,0,0,0,0,0,0,0,0,0,Male,Apparently Normal,No,No,5500,0,Possible
Dry,No,Off Roadway,Cloudy,No,0,0,0,0,0,0,0,0,0,0,Female,Apparently Normal,No,No,10000,2000,Possible
Dry,No,Off Roadway,Clear,Yes,0,0,0,0,0,0,0,0,0,0,Male,Apparently Normal,No,No,8000,0,Possible
Dry,No,On Roadway,Clear,Yes,0,0,1,0,0,1,0,0,0,0,Female,Under the influence of Medications/Drugs/Alcohol,Yes,Yes,8000,0,Incapacitating
Dry,No,On Roadway,Cloudy,No,0,0,0,0,0,0,1,0,0,0,Male,Apparently Normal,No,No,25000,0,Incapacitating
Wet,No,On Roadway,Cloudy,No,0,0,0,0,0,1,0,0,0,0,Female,Apparently Normal,No,No,2000,1000,Possible
Dry,No,Median,Cloudy,No,0,0,0,0,0,0,0,0,0,0,Male,Apparently Normal,No,No,6000,0,Possible
Dry,No,Off Roadway,Clear,Yes,0,0,0,0,0,0,1,0,0,0,Male,Apparently Normal,No,No,55000,0,Non-incapacitating
Wet,No,Off Roadway,Rain,No,0,0,0,0,0,1,0,0,0,0,Female,Apparently Normal,No,No,1000,0,Non-incapacitating
Dry,No,On Roadway,Clear,No,0,0,0,0,0,0,0,1,0,0,Male,Apparently Normal,No,No,3500,0,Possible
Dry,No,On Roadway,Clear,No,0,0,0,0,0,0,0,0,0,0,Female,Apparently Normal,No,No,8000,1000,Possible
Dry,No,Median,Clear,No,0,0,0,0,0,1,0,0,0,0,Male,Apparently Normal,No,No,10000,0,Incapacitating
Dry,No,Shoulder,Cloudy,No,0,0,0,0,0,0,0,0,0,0,Female,Apparently Normal,No,No,3500,0,Possible
Dry,No,Shoulder,Cloudy,No,0,0,0,0,0,1,0,0,0,0,Female,Apparently Normal,No,No,7000,0,Possible
Wet,No,On Roadway,Rain,No,0,0,0,0,0,1,0,0,0,0,Female,Asleep or Fatigued,No,No,5000,50,Possible
Dry,No,Shoulder,Clear,No,0,0,0,0,0,1,0,0,0,0,Male,Apparently Normal,No,No,10000,1650,Non-incapacitating
Dry,No,On Roadway,Clear,No,0,0,0,0,0,1,0,0,1,0,Female,Apparently Normal,No,No,10000,0,Possible
Wet,No,Median,Rain,No,0,0,1,0,0,1,0,0,0,0,Female,Under the influence of Medications/Drugs/Alcohol,No,Yes,10000,10000,Possible
Wet,No,On Roadway,Rain,No,0,0,0,0,0,1,0,0,0,0,Male,Apparently Normal,No,No,2000,0,Possible
Wet,No,On Roadway,Rain,No,0,0,0,0,0,1,0,0,0,0,Male,Apparently Normal,No,No,5000,0,Possible
Wet,No,On Roadway,Rain,No,0,0,0,0,0,1,0,0,0,0,Male,Apparently Normal,No,No,1000,0,Possible
Dry,No,On Roadway,Clear,Yes,0,0,0,0,0,0,0,0,0,0,Female,Apparently Normal,No,No,1000,0,Non-incapacitating
Dry,No,Off Roadway,Clear,Yes,0,0,0,0,0,0,0,0,0,0,Male,Apparently Normal,No,No,10000,0,Possible
Dry,No,On Roadway,Clear,Yes,0,0,1,0,0,0,0,0,0,0,Male,Under the influence of Medications/Drugs/Alcohol,Yes,No,10000,1000,Incapacitating
Dry,No,On Roadway,Clear,No,0,0,0,0,0,0,0,0,0,0,Female,Apparently Normal,No,No,20000,7500,Possible
Wet,No,Off Roadway,Rain,No,0,0,0,0,0,1,0,0,0,0,Male,Apparently Normal,No,No,4000,0,Possible
Dry,No,Off Roadway,Clear,No,0,0,1,0,0,1,0,0,0,0,Male,Under the influence of Medications/Drugs/Alcohol,No,No,2000,500,Possible
Dry,No,Off Roadway,Clear,Yes,0,0,0,0,0,1,0,0,0,0,Male,Apparently Normal,No,No,5000,0,Possible
Dry,No,Shoulder,Cloudy,No,0,0,0,0,0,1,0,1,0,0,Male,Apparently Normal,No,No,3500,0,Incapacitating
Dry,No,Off Roadway,Clear,No,0,0,1,0,0,1,0,0,0,0,Male,Apparently Normal,No,Yes,8000,0,Incapacitating
Dry,No,Off Roadway,Clear,No,0,0,0,0,0,1,0,0,0,0,Male,Asleep or Fatigued,No,No,4000,500,Non-incapacitating
Wet,Yes,Shoulder,Rain,No,0,0,0,0,0,0,0,0,0,0,Male,Unknown,No,No,1500,0,Possible
Dry,No,On Roadway,Clear,No,0,0,0,0,0,0,0,0,0,0,Male,Apparently Normal,No,No,8000,0,Possible
Dry,No,On Roadway,Clear,No,0,0,0,0,0,0,0,0,0,0,Female,Apparently Normal,No,No,5000,0,Possible
Dry,No,Gore,Clear,No,0,0,0,0,0,0,0,0,0,0,Female,Apparently Normal,No,No,8000,4000,Possible
Dry,No,Off Roadway,Clear,No,0,0,1,0,0,1,0,0,0,0,Male,Under the influence of Medications/Drugs/Alcohol,No,Yes,2000,0,Possible
Dry,No,Off Roadway,Clear,No,0,0,0,0,0,1,0,0,0,0,Male,Apparently Normal,No,No,4000,0,Non-incapacitating
Dry,No,Off Roadway,Clear,No,0,0,0,0,0,1,0,0,0,0,Male,Apparently Normal,No,No,8000,2000,Possible
Dry,No,On Roadway,Clear,Yes,0,0,0,0,0,0,0,0,0,0,Male,Apparently Normal,No,No,8000,0,Incapacitating
Dry,No,Off Roadway,Clear,No,0,0,0,0,0,1,0,0,0,0,Female,Apparently Normal,No,No,15000,0,Non-incapacitating
Wet,No,Off Roadway,Cloudy,No,0,0,0,0,0,1,0,0,0,0,Female,Apparently Normal,No,No,10000,0,Non-incapacitating
Wet,No,Shoulder,Cloudy,No,0,0,0,0,0,1,0,0,0,0,Female,Apparently Normal,No,No,6000,0,Non-incapacitating
Dry,No,Off Roadway,Clear,No,0,0,1,0,0,0,0,0,0,0,Female,"Seizure, Epilepsy, Blackout",No,Yes,9000,6000,Incapacitating
Dry,No,On Roadway,Clear,No,0,0,0,0,0,0,0,0,0,0,Female,Apparently Normal,No,No,25000,0,Possible
Dry,No,On Roadway,Clear,No,0,0,0,0,0,0,0,0,0,0,Male,Apparently Normal,No,No,75000,10000,Incapacitating
Dry,No,Off Roadway,Clear,No,0,0,0,0,0,0,0,0,0,0,Male,Apparently Normal,No,No,8000,0,Possible
Dry,No,Shoulder,Clear,No,0,0,0,0,0,0,0,0,0,0,Female,Apparently Normal,No,No,300,0,Possible
Dry,No,Shoulder,Clear,No,0,0,0,0,0,0,0,0,0,0,Female,Apparently Normal,No,No,4000,0,Possible
Dry,No,Shoulder,Clear,No,0,0,0,0,0,0,0,0,0,0,Male,"Seizure, Epilepsy, Blackout",No,No,2500,0,Possible
Dry,No,Off Roadway,Clear,No,0,0,0,0,0,0,0,0,0,0,Female,"Emotional (depression, angry, disturbed, etc)",No,No,12000,200,Incapacitating
Dry,No,Shoulder,Clear,Yes,0,0,0,0,0,1,0,0,0,0,Male,Apparently Normal,No,No,1000,0,Possible
Wet,No,On Roadway,Rain,No,0,0,0,0,0,0,0,0,0,0,Male,Apparently Normal,No,No,1500,0,Non-incapacitating
Dry,No,Off Roadway,Clear,No,0,0,0,0,0,0,0,0,0,0,Male,Apparently Normal,No,No,10000,1000,Non-incapacitating
Wet,No,Median,Rain,No,0,0,0,0,0,1,0,0,0,0,Male,Apparently Normal,No,No,10000,5000,Possible
Wet,No,Shoulder,Rain,No,0,0,0,0,0,0,0,0,0,0,Male,Apparently Normal,No,No,8500,0,Incapacitating
Dry,No,Off Roadway,Clear,No,0,0,0,0,0,0,0,0,0,0,Male,Asleep or Fatigued,No,No,12000,5000,Non-incapacitating
Dry,No,Median,Cloudy,No,0,0,0,0,0,0,0,0,0,0,Female,Apparently Normal,No,No,6000,0,Possible
Dry,No,Shoulder,Clear,Yes,0,0,0,0,0,0,0,0,0,0,Female,Asleep or Fatigued,No,No,5000,1000,Possible
Wet,No,Off Roadway,Rain,No,0,0,0,0,0,1,0,0,0,0,Male,Apparently Normal,No,No,9000,0,Non-incapacitating
Dry,No,On Roadway,Cloudy,No,0,0,0,0,0,1,0,0,0,0,Female,Apparently Normal,No,No,10000,200,Possible
Dry,No,On Roadway,Clear,No,0,0,0,0,0,1,0,0,0,0,Male,Apparently Normal,No,No,3000,0,Non-incapacitating
Wet,No,Shoulder,Rain,No,0,0,0,0,0,0,0,0,0,0,Male,Apparently Normal,No,No,5000,300,Possible
Wet,No,Shoulder,Rain,No,0,0,0,0,0,0,0,0,0,0,Male,Apparently Normal,No,No,3000,1000,Incapacitating
Wet,No,Shoulder,Rain,No,0,0,0,0,0,0,0,0,0,0,Female,Apparently Normal,No,No,5000,1000,Possible
Dry,No,On Roadway,Clear,No,0,0,0,0,0,0,0,0,0,0,Female,Apparently Normal,No,No,8000,0,Possible
Dry,No,Off Roadway,Clear,No,0,0,0,0,0,0,0,0,0,0,Male,Apparently Normal,No,No,10000,0,Incapacitating
Dry,No,On Roadway,Clear,No,0,0,0,0,0,0,0,0,0,0,Female,Apparently Normal,No,No,5000,500,Possible
Dry,No,On Roadway,Cloudy,No,0,0,0,0,0,0,0,0,0,0,Female,Apparently Normal,No,No,4000,0,Non-incapacitating
Dry,No,On Roadway,Cloudy,No,0,0,0,0,0,1,0,0,0,0,Female,Apparently Normal,No,No,15000,0,Possible
Dry,No,Off Roadway,Clear,No,0,0,0,0,0,1,0,0,0,0,Male,Apparently Normal,No,No,8000,0,Possible
Dry,No,Off Roadway,Clear,Yes,0,0,0,0,0,0,0,0,0,0,Female,Apparently Normal,No,No,6000,0,Incapacitating
Dry,No,On Roadway,Clear,Yes,0,0,0,0,0,1,0,1,0,0,Male,Apparently Normal,No,No,2000,0,Incapacitating
Wet,No,Off Roadway,Rain,Yes,0,0,0,0,0,0,0,0,0,0,Female,Apparently Normal,No,No,6000,0,Incapacitating
Wet,No,On Roadway,Rain,No,0,0,0,0,0,0,0,0,0,0,Male,Apparently Normal,No,No,6000,0,Non-incapacitating
Wet,No,Shoulder,Rain,Yes,0,0,0,0,0,1,0,0,0,0,Female,Apparently Normal,No,No,5000,500,Possible
Dry,No,Off Roadway,Clear,No,0,0,0,0,0,0,0,0,0,0,Male,Apparently Normal,No,No,15000,5000,Non-incapacitating
Dry,No,Outside Right-of-Way,Clear,No,0,0,0,0,0,1,0,0,0,1,Female,Apparently Normal,No,No,8000,0,Possible
Wet,No,Off Roadway,Rain,No,0,0,0,0,0,0,0,0,0,0,Male,Apparently Normal,No,No,6500,0,Non-incapacitating
Wet,No,On Roadway,Rain,No,0,0,0,0,0,0,0,0,0,0,Female,Apparently Normal,No,No,10000,0,Possible
Wet,No,Off Roadway,Rain,No,0,0,0,0,0,0,0,0,0,0,Male,Apparently Normal,No,No,5500,0,Possible
Dry,No,On Roadway,Clear,No,0,0,0,0,0,0,0,0,0,0,Male,Apparently Normal,No,No,3500,0,Possible
Dry,No,Median,Clear,No,0,0,0,0,0,0,0,0,0,0,Female,Apparently Normal,No,No,6000,500,Possible
Wet,No,On Roadway,Rain,No,0,0,0,0,0,0,0,0,0,0,Female,Apparently Normal,No,No,10000,300,Possible
Wet,No,Median,Cloudy,No,0,0,0,0,0,0,0,0,0,0,Male,Apparently Normal,No,No,1000,0,Incapacitating
Dry,No,On Roadway,Clear,No,0,0,0,0,0,0,0,0,0,0,Male,Apparently Normal,No,No,700,0,Possible
Dry,No,On Roadway,Cloudy,No,0,0,0,0,0,0,0,0,0,0,Female,Apparently Normal,No,No,13000,0,Non-incapacitating
Wet,No,Shoulder,Rain,No,0,0,0,0,0,0,0,0,0,0,Male,Apparently Normal,No,No,5500,5000,Possible
Wet,No,On Roadway,Rain,No,0,0,0,0,0,0,0,0,0,0,Female,Apparently Normal,No,No,5000,5000,Possible
Wet,No,Off Roadway,Rain,No,0,0,0,0,0,0,1,0,0,0,Male,Apparently Normal,No,No,25000,2000,Possible
Dry,No,Off Roadway,Clear,No,0,0,0,0,0,1,0,0,0,0,Female,Apparently Normal,No,No,8000,0,Possible
Wet,No,Off Roadway,Rain,No,0,0,0,0,0,1,0,0,0,0,Male,Apparently Normal,No,No,2000,0,Possible
Wet,No,Shoulder,Rain,Yes,0,0,0,0,0,0,0,0,0,0,Female,Apparently Normal,No,No,7500,0,Possible
Dry,No,On Roadway,Clear,No,0,0,0,0,0,1,0,0,0,0,Male,Apparently Normal,No,No,10000,0,Possible
Dry,No,On Roadway,Clear,Yes,0,0,0,0,0,0,0,0,0,0,Female,Ill (sick) or Fainted,No,No,10000,5000,Possible
Wet,No,Median,Rain,No,0,0,0,0,0,0,0,0,0,0,Female,Apparently Normal,No,No,10000,500,Possible
Wet,No,Shoulder,Rain,No,0,0,0,0,0,1,0,0,0,0,Female,Apparently Normal,No,No,5000,2000,Possible
Wet,No,Off Roadway,Rain,No,0,0,0,0,0,1,0,0,0,0,Female,Apparently Normal,No,No,4000,0,Possible
Dry,No,On Roadway,Clear,No,0,0,0,0,0,0,0,0,0,0,Male,Apparently Normal,No,No,4000,0,Non-incapacitating
Dry,No,On Roadway,Clear,No,0,0,0,0,0,0,0,0,0,0,Female,Apparently Normal,No,No,6000,0,Non-incapacitating
Dry,No,Off Roadway,Clear,No,0,0,0,0,0,0,0,0,0,0,Female,Apparently Normal,No,No,5000,500,Non-incapacitating
Wet,No,Shoulder,Rain,No,0,0,0,0,0,1,0,0,0,0,Male,Apparently Normal,No,No,1000,0,Possible
Wet,No,Off Roadway,Rain,No,0,0,0,0,0,1,0,0,0,0,Female,Apparently Normal,No,No,6000,1000,Possible
Dry,No,Off Roadway,Clear,No,0,0,0,0,0,1,0,0,0,0,Female,Apparently Normal,No,No,10000,1500,Non-incapacitating
Wet,No,Off Roadway,Rain,No,0,0,0,0,0,1,0,0,0,0,Male,Apparently Normal,No,No,2000,0,Non-incapacitating
Dry,No,On Roadway,Clear,No,0,0,0,0,0,1,0,0,0,0,Male,Apparently Normal,No,No,5000,0,Non-incapacitating
Wet,No,Off Roadway,Rain,No,0,0,0,0,0,0,0,0,0,0,Female,Apparently Normal,No,No,10000,0,Possible
Wet,No,Median,Rain,No,0,0,0,0,0,0,0,0,0,0,Male,Apparently Normal,No,No,6000,1000,Possible
Dry,No,Shoulder,Clear,No,0,0,0,0,0,1,0,0,0,0,Male,Apparently Normal,No,No,4000,0,Non-incapacitating
Dry,No,On Roadway,Clear,No,0,0,0,0,0,1,0,0,1,0,Male,Apparently Normal,No,No,5000,0,Possible
Wet,No,Median,Rain,No,0,0,0,0,0,0,0,0,0,0,Male,Apparently Normal,No,No,3500,2500,Possible
Dry,No,Off Roadway,Clear,No,0,0,0,0,0,1,0,0,0,0,Male,Apparently Normal,No,No,15000,25000,Possible
Dry,No,Median,Clear,No,0,0,0,0,0,0,0,0,0,0,Male,"Seizure, Epilepsy, Blackout",No,No,5000,1300,Possible
Wet,No,On Roadway,Rain,No,0,0,0,0,0,0,0,0,0,0,Male,Apparently Normal,No,No,10000,0,Possible
Dry,No,On Roadway,Clear,No,0,0,0,0,0,0,1,0,0,0,Male,Apparently Normal,No,No,1000000,0,Incapacitating
Dry,No,On Roadway,Cloudy,No,0,0,0,0,0,1,0,0,0,0,Female,Apparently Normal,No,No,10000,0,Non-incapacitating
Dry,No,Off Roadway,Clear,No,0,0,0,0,0,1,0,0,0,0,Male,Apparently Normal,No,No,1000,5000,Possible
Wet,No,Median,Rain,No,0,0,0,0,0,0,0,0,0,0,Male,Apparently Normal,No,No,4000,1000,Possible
Dry,No,Median,Cloudy,No,0,0,0,0,0,0,1,0,0,0,Male,Apparently Normal,No,No,15000,5000,Possible
Dry,No,On Roadway,Clear,No,0,0,0,0,0,0,0,0,0,0,Male,Apparently Normal,No,No,5000,0,Non-incapacitating
Dry,No,Median,Clear,No,0,0,0,0,0,1,0,0,0,0,Female,Asleep or Fatigued,No,No,10000,1000,Possible
Wet,No,Shoulder,Clear,No,0,0,0,0,0,1,0,0,0,0,Female,Asleep or Fatigued,No,No,4000,0,Possible
Wet,No,Off Roadway,Rain,No,0,0,0,0,0,0,0,0,0,0,Male,Apparently Normal,No,No,5000,0,Non-incapacitating
Wet,No,On Roadway,Cloudy,No,0,0,0,0,0,0,0,0,0,0,Female,Apparently Normal,No,No,7000,0,Non-incapacitating
Wet,No,Shoulder,Rain,No,0,0,0,0,0,0,0,0,0,0,Female,Apparently Normal,No,No,3000,1000,Possible
Dry,No,Shoulder,Clear,Yes,0,0,0,0,0,1,0,0,0,0,Female,Apparently Normal,No,No,5000,10000,Non-incapacitating
Dry,No,On Roadway,Clear,No,0,0,0,0,0,0,0,0,0,0,Male,Apparently Normal,No,No,10000,40000,Possible
Wet,No,Off Roadway,Cloudy,No,0,0,0,0,0,0,0,0,0,0,Male,Apparently Normal,No,No,20000,0,Possible
Wet,No,Median,Rain,No,0,0,0,0,0,1,0,0,0,0,Female,Apparently Normal,No,No,5000,0,Possible
Wet,No,Shoulder,Cloudy,No,0,0,0,0,0,1,0,0,0,0,Male,Apparently Normal,No,No,1500,0,Non-incapacitating
Dry,No,Shoulder,Clear,No,1,0,0,0,0,1,0,0,0,0,Male,Apparently Normal,No,No,50,0,Non-incapacitating
Wet,No,Off Roadway,Cloudy,No,0,0,0,0,0,1,0,0,0,0,Male,Apparently Normal,No,No,7000,200,Possible
Wet,No,Shoulder,Rain,No,0,0,0,0,0,0,0,0,0,0,Female,Apparently Normal,No,No,4000,2000,Non-incapacitating
Dry,No,Off Roadway,Clear,No,0,0,0,0,0,0,0,0,0,0,Female,Apparently Normal,No,No,7000,1000,Non-incapacitating
Dry,No,On Roadway,Clear,No,0,0,0,0,0,0,0,0,0,0,Female,Apparently Normal,No,No,8000,800,Possible
Wet,No,Off Roadway,Rain,No,0,0,0,0,0,1,0,0,0,0,Male,Apparently Normal,No,No,10000,2000,Possible
Dry,No,On Roadway,Clear,No,0,0,0,0,0,0,0,0,0,0,Male,Apparently Normal,No,No,10000,7000,Non-incapacitating
Wet,No,On Roadway,Rain,Yes,0,0,0,0,0,0,0,0,0,0,Female,Apparently Normal,No,No,2000,0,Non-incapacitating
Wet,No,Median,Rain,Yes,0,0,0,0,0,0,0,0,0,0,Female,Apparently Normal,No,No,5000,0,Possible
Dry,No,Shoulder,Clear,Yes,0,0,0,0,0,0,0,0,0,0,Female,Apparently Normal,No,No,12500,0,Non-incapacitating
Dry,No,Off Roadway,Clear,No,0,0,0,0,0,0,1,0,0,0,Male,Apparently Normal,No,No,500,2500,Possible
Wet,No,On Roadway,Rain,No,0,0,0,0,0,0,0,0,0,0,Male,Apparently Normal,No,No,6000,400,Non-incapacitating
Wet,No,Shoulder,Rain,No,0,0,0,0,0,0,0,0,0,0,Male,Apparently Normal,No,No,10000,500,Possible
Wet,No,Off Roadway,Rain,No,0,0,0,0,0,0,0,0,0,0,Female,Apparently Normal,No,No,4000,1000,Possible
Wet,No,On Roadway,Clear,No,0,0,0,0,0,0,0,0,0,0,Male,Apparently Normal,No,No,5000,0,Possible
Wet,No,Off Roadway,Clear,No,0,0,0,0,0,0,0,0,0,0,Female,Apparently Normal,No,No,2000,0,Possible
Wet,No,On Roadway,Rain,No,0,0,0,0,0,0,0,0,0,0,Female,Apparently Normal,No,No,2500,0,Non-incapacitating
Wet,No,Median,Rain,No,0,0,0,0,0,0,0,0,0,0,Female,Apparently Normal,No,No,1500,0,Possible
Wet,No,Shoulder,Rain,No,0,0,0,0,0,0,0,0,0,0,Male,Apparently Normal,No,No,500,0,Non-incapacitating
Dry,No,Off Roadway,Clear,No,0,0,0,0,0,1,0,0,0,0,Male,Apparently Normal,No,No,2500,0,Non-incapacitating
Dry,No,Shoulder,Clear,No,0,0,0,0,0,1,0,1,0,0,Male,Apparently Normal,No,No,2000,0,Incapacitating
Dry,No,Median,Clear,No,0,0,0,0,0,0,0,0,0,0,Female,Unknown,No,No,15000,2000,Non-incapacitating
Wet,No,Shoulder,Rain,No,0,0,0,0,0,0,0,0,0,0,Male,Apparently Normal,No,No,4000,0,Possible
Dry,No,Shoulder,Clear,No,1,0,1,0,0,1,1,0,0,0,Male,Under the influence of Medications/Drugs/Alcohol,Yes,No,20000,0,Fatal
Dry,No,Off Roadway,Clear,No,0,0,1,0,0,1,0,0,0,0,Female,Under the influence of Medications/Drugs/Alcohol,No,Yes,3500,5000,Possible
Dry,No,Off Roadway,Clear,No,0,0,0,0,0,0,0,0,0,0,Female,Apparently Normal,No,No,5000,0,Non-incapacitating
Wet,No,Shoulder,Rain,No,0,0,0,0,0,0,0,0,0,0,Female,Apparently Normal,No,No,9000,0,Non-incapacitating
Wet,No,Shoulder,Rain,No,0,0,0,0,0,0,0,0,0,0,Female,Apparently Normal,No,No,7000,0,Possible
Wet,No,Median,Rain,No,0,0,0,0,0,0,0,0,0,0,Male,Apparently Normal,No,No,3000,0,Possible
Dry,No,On Roadway,Clear,No,0,0,0,0,0,0,0,0,0,0,Male,Apparently Normal,No,No,6000,0,Possible
Wet,No,Off Roadway,Cloudy,No,0,0,0,0,0,1,0,0,0,0,Male,Apparently Normal,No,No,10000,7000,Incapacitating
Dry,No,On Roadway,Clear,No,0,0,0,0,0,0,0,0,0,0,Male,Apparently Normal,No,No,10000,15000,Possible
Dry,No,Median,Cloudy,No,0,0,0,0,0,1,0,0,0,0,Female,Apparently Normal,No,No,12000,1500,Possible
Dry,No,Shoulder,Clear,No,0,0,0,0,0,1,0,0,0,0,Female,Apparently Normal,No,No,8000,0,Possible
Dry,No,Shoulder,Clear,No,0,0,0,0,0,1,0,0,0,0,Female,Apparently Normal,No,No,7000,0,Non-incapacitating
Dry,No,On Roadway,Clear,No,0,0,0,0,0,1,0,0,0,0,Male,Apparently Normal,No,No,500,1000,Non-incapacitating
Dry,No,Shoulder,Clear,Yes,0,0,0,0,0,1,1,0,0,0,Male,Apparently Normal,No,No,10000,0,Non-incapacitating
Wet,No,On Roadway,Rain,No,0,0,0,0,0,0,0,0,0,0,Male,Apparently Normal,No,No,8000,0,Possible
Wet,No,Off Roadway,Rain,No,0,0,0,0,0,0,0,0,0,0,Female,Apparently Normal,No,No,10000,500,Incapacitating
Dry,No,Off Roadway,Clear,No,0,0,0,0,0,0,0,0,0,0,Male,Apparently Normal,No,No,4000,0,Non-incapacitating
Dry,No,Off Roadway,Clear,No,0,0,1,0,0,1,0,0,0,0,Male,Under the influence of Medications/Drugs/Alcohol,No,Unknown,4000,2000,Possible
Dry,No,Off Roadway,Clear,No,0,0,0,0,0,1,0,0,0,0,Female,Apparently Normal,No,No,4000,0,Non-incapacitating
Dry,No,Off Roadway,Clear,No,0,0,0,0,0,1,0,0,0,0,Female,Apparently Normal,No,No,4000,1000,Non-incapacitating
Dry,No,On Roadway,Clear,Yes,0,0,0,0,0,0,0,0,0,0,Male,Apparently Normal,No,No,1000,0,Possible
Dry,No,Shoulder,Cloudy,No,0,0,0,0,0,0,0,0,0,0,Male,Apparently Normal,No,No,2500,0,Possible
Dry,No,On Roadway,Clear,No,1,0,1,0,0,1,0,0,0,0,Male,Under the influence of Medications/Drugs/Alcohol,Yes,Yes,2000,0,Fatal
Dry,Yes,On Roadway,Clear,No,0,0,0,0,0,0,1,0,0,0,Male,Apparently Normal,No,No,7500,0,Incapacitating
Dry,No,Shoulder,Clear,No,0,0,0,0,0,0,0,0,0,0,Male,Apparently Normal,No,No,20000,0,Possible
Dry,No,Shoulder,Clear,No,0,0,0,0,0,0,0,0,0,0,Female,Apparently Normal,No,No,15000,500,Non-incapacitating
Dry,No,On Roadway,Clear,No,0,0,0,0,0,0,0,0,0,0,Female,Apparently Normal,No,No,20000,0,Non-incapacitating
Wet,No,Shoulder,Rain,No,0,0,0,0,0,0,0,0,0,0,Male,Apparently Normal,No,No,20000,0,Incapacitating
Dry,No,On Roadway,Clear,Yes,0,0,0,0,0,1,0,0,0,0,Male,Unknown,No,No,5000,500,Incapacitating
Dry,No,Shoulder,Cloudy,No,0,0,0,0,0,0,0,0,0,0,Male,Apparently Normal,No,No,6000,0,Non-incapacitating
Dry,No,Median,Clear,No,0,0,0,0,0,0,0,0,0,0,Male,Apparently Normal,No,No,6000,2000,Non-incapacitating
Wet,No,Shoulder,Cloudy,No,0,0,0,0,0,0,0,0,0,0,Female,Apparently Normal,No,No,5000,500,Possible
Wet,No,Shoulder,Rain,No,0,0,0,0,0,0,0,0,0,0,Male,Apparently Normal,No,No,3500,0,Possible
Wet,No,Off Roadway,Cloudy,No,0,0,0,0,0,0,0,0,0,0,Female,Apparently Normal,No,No,7000,1200,Non-incapacitating
Dry,No,Off Roadway,Clear,Yes,0,0,1,0,0,1,0,0,0,0,Male,Under the influence of Medications/Drugs/Alcohol,No,No,15000,5000,Incapacitating
Dry,No,Shoulder,Clear,No,0,0,0,0,0,0,0,0,0,0,Female,Apparently Normal,No,No,2000,0,Non-incapacitating
Wet,No,Off Roadway,Rain,No,0,0,0,0,0,0,0,0,0,0,Female,Apparently Normal,No,No,10000,0,Non-incapacitating
Dry,No,Median,Clear,No,0,0,0,0,0,0,0,0,0,0,Male,Apparently Normal,No,No,8000,3000,Possible
Wet,No,Shoulder,Rain,No,0,0,0,0,0,1,0,0,0,0,Male,Apparently Normal,No,No,8500,1000,Incapacitating
Dry,No,On Roadway,Clear,No,0,0,0,0,0,0,0,0,0,0,Male,Apparently Normal,No,No,9000,0,Incapacitating
Wet,No,Shoulder,Cloudy,No,0,0,0,0,0,0,0,0,0,0,Male,Apparently Normal,No,No,2500,0,Possible
Wet,No,Shoulder,Rain,No,0,0,0,0,0,0,0,0,0,0,Female,Apparently Normal,No,No,9000,0,Possible
Dry,No,Off Roadway,Clear,No,0,0,0,0,0,0,0,0,0,0,Female,Apparently Normal,No,No,8000,0,Possible
Dry,No,Shoulder,Clear,Yes,0,0,0,0,0,1,0,0,0,0,Female,Apparently Normal,No,No,7000,1000,Possible
Dry,No,Off Roadway,Clear,No,0,0,0,0,0,0,0,0,0,0,Male,Apparently Normal,No,No,8000,0,Non-incapacitating
Dry,No,Shoulder,Cloudy,No,0,0,0,0,0,0,0,0,0,0,Male,Apparently Normal,No,No,150000,0,Possible
Dry,No,Median,Cloudy,No,0,0,0,0,0,0,0,0,0,0,Female,"Emotional (depression, angry, disturbed, etc)",No,No,8000,2000,Possible
Dry,No,Shoulder,Clear,No,0,0,1,0,0,0,0,0,0,0,Male,Under the influence of Medications/Drugs/Alcohol,No,Yes,6000,0,Incapacitating
Wet,No,Median,Cloudy,No,0,0,0,0,0,0,0,0,0,0,Female,Apparently Normal,No,No,500,0,Possible
Dry,No,Median,Clear,No,0,0,0,0,0,1,0,0,0,0,Male,Asleep or Fatigued,No,No,10000,2000,Possible
Dry,No,Off Roadway,Clear,No,0,0,0,0,0,1,0,0,0,0,Male,Apparently Normal,No,No,35000,0,Possible
Wet,No,Off Roadway,Rain,No,0,0,0,0,0,1,0,0,0,0,Male,Apparently Normal,No,No,3000,500,Possible
Dry,No,Shoulder,Cloudy,No,0,0,0,0,0,1,0,0,0,0,Female,Apparently Normal,No,No,2500,0,Possible
Dry,No,Off Roadway,Clear,No,0,0,0,0,0,1,0,0,0,0,Male,Asleep or Fatigued,No,No,8000,0,Possible
Dry,No,Median,Clear,No,0,0,0,0,0,0,0,0,0,0,Male,"Seizure, Epilepsy, Blackout",No,No,20000,1500,Possible
Dry,No,Median,Clear,No,0,0,0,0,0,0,0,0,0,0,Male,Apparently Normal,No,No,5000,0,Possible
Wet,No,Off Roadway,Rain,No,0,0,0,0,0,0,0,0,0,0,Female,Apparently Normal,No,No,2000,0,Non-incapacitating
Dry,No,Shoulder,Cloudy,No,0,0,0,0,0,0,0,0,0,0,Male,Apparently Normal,No,No,5000,1000,Non-incapacitating
Dry,No,Off Roadway,Cloudy,No,0,0,0,0,0,1,0,1,0,0,Male,Apparently Normal,No,No,10000,0,Non-incapacitating
Dry,No,Off Roadway,Clear,No,0,0,0,0,0,1,0,0,0,0,Male,Apparently Normal,No,No,8000,0,Non-incapacitating
Dry,Yes,On Roadway,Clear,No,0,0,0,0,0,1,1,0,0,0,Male,Apparently Normal,No,No,500,0,Incapacitating
Dry,No,Shoulder,Clear,No,0,0,0,0,0,0,0,0,0,0,Male,Apparently Normal,No,No,6000,1390,Possible
Dry,No,Off Roadway,Clear,No,0,0,0,0,0,1,0,0,0,0,Male,Apparently Normal,No,No,5000,0,Possible
Dry,No,Off Roadway,Clear,No,0,0,0,0,0,1,0,0,0,0,Female,Apparently Normal,No,No,10000,5000,Incapacitating
Dry,No,Shoulder,Clear,No,0,0,0,0,0,0,1,0,0,0,Male,Apparently Normal,No,No,5000,0,Non-incapacitating
Dry,No,Shoulder,Clear,No,0,0,0,0,0,1,0,0,0,0,Male,Apparently Normal,No,No,8000,0,Non-incapacitating
Dry,No,Shoulder,Clear,No,0,0,0,0,0,0,0,0,0,0,Male,Apparently Normal,No,No,20000,20000,Possible
Dry,No,On Roadway,Clear,No,0,0,0,0,0,1,0,0,1,0,Female,Apparently Normal,No,No,6500,0,Possible
Dry,No,Off Roadway,Clear,No,0,0,0,0,0,1,0,0,0,0,Male,Apparently Normal,No,No,4000,0,Possible
Dry,No,Off Roadway,Clear,Yes,0,0,0,0,0,1,0,0,0,0,Male,Apparently Normal,No,No,8000,1000,Possible
Dry,No,On Roadway,Clear,No,0,0,0,0,0,1,0,0,0,0,Female,Apparently Normal,No,No,3000,0,Possible
Dry,No,Shoulder,Clear,No,0,0,0,0,0,1,0,0,0,0,Male,Apparently Normal,No,No,17000,2500,Possible
Dry,No,On Roadway,Cloudy,No,0,0,0,0,0,1,0,0,0,0,Male,Apparently Normal,No,No,10000,10000,Incapacitating
Dry,No,On Roadway,Clear,No,0,0,0,0,0,0,0,0,0,0,Male,Asleep or Fatigued,No,No,1000,0,Possible
Wet,No,Shoulder,Rain,No,0,0,0,0,0,0,0,0,0,0,Female,Apparently Normal,No,No,5000,0,Non-incapacitating
Dry,No,On Roadway,Cloudy,No,0,0,0,0,0,0,0,0,0,0,Female,Apparently Normal,No,No,15000,30000,Incapacitating
Wet,No,Shoulder,Rain,No,0,0,0,0,0,0,0,0,0,0,Male,Apparently Normal,No,No,3000,0,Non-incapacitating
Dry,No,Off Roadway,Clear,No,0,0,1,0,0,1,0,0,0,0,Female,Under the influence of Medications/Drugs/Alcohol,Yes,No,4000,200,Non-incapacitating
Dry,Yes,On Roadway,Clear,No,0,0,0,0,0,0,0,0,0,0,Female,Apparently Normal,No,No,5000,0,Possible
Dry,No,Off Roadway,Clear,No,0,0,0,0,0,0,0,0,0,0,Female,Apparently Normal,No,No,10000,0,Non-incapacitating
Wet,No,Shoulder,Rain,No,0,0,0,0,0,1,0,0,0,0,Female,Apparently Normal,No,No,4500,1200,Possible
Dry,No,Off Roadway,Clear,No,0,0,0,0,0,1,0,0,0,0,Male,"Seizure, Epilepsy, Blackout",No,No,2500,1200,Possible
Unknown,No,Off Roadway,"Other, Explain in Narrative",No,0,0,0,0,0,1,0,0,0,0,Female,Unknown,No,Unknown,20000,0,Non-incapacitating
Dry,No,Off Roadway,Clear,No,0,0,0,0,0,1,0,0,0,0,Male,Apparently Normal,No,No,9000,0,Possible
Dry,No,Shoulder,Clear,Yes,0,0,0,0,0,0,0,0,0,0,Male,Apparently Normal,No,No,2000,2726,Incapacitating
Wet,No,Shoulder,Rain,No,0,0,0,0,0,0,0,0,0,0,Male,Apparently Normal,No,No,10000,0,Possible
Dry,No,Off Roadway,Clear,No,0,0,1,0,0,1,0,0,0,0,Male,Under the influence of Medications/Drugs/Alcohol,Yes,No,6000,0,Incapacitating
Dry,No,Off Roadway,Clear,No,0,0,0,0,0,0,0,0,0,0,Male,Apparently Normal,No,No,2000,0,Non-incapacitating
Dry,No,On Roadway,Clear,No,0,0,0,0,0,1,0,0,0,0,Male,Apparently Normal,No,No,250,0,Possible
Dry,No,Median,Cloudy,No,0,0,0,0,0,0,0,0,0,0,Female,Apparently Normal,No,No,3000,0,Possible
Wet,No,Shoulder,Rain,No,0,0,0,0,0,1,0,0,0,0,Female,Apparently Normal,No,No,4000,0,Non-incapacitating
Dry,No,Median,Clear,No,0,0,0,0,0,0,0,0,0,0,Male,Apparently Normal,No,No,10000,3000,Possible
Dry,No,On Roadway,Clear,Yes,0,0,0,0,0,0,0,0,0,0,Male,Apparently Normal,No,No,20000,0,Possible
Dry,No,Median,Clear,Yes,0,0,0,0,0,1,0,0,0,0,Male,Apparently Normal,No,No,8000,2000,Possible
Dry,No,Off Roadway,Clear,No,0,0,0,0,0,1,0,0,0,0,Male,Ill (sick) or Fainted,No,No,1000,0,Possible
Dry,No,Off Roadway,Clear,No,0,0,0,0,0,1,0,0,0,0,Male,Asleep or Fatigued,No,No,9000,0,Possible
Dry,No,On Roadway,Clear,No,0,0,0,0,0,0,0,1,0,0,Male,Apparently Normal,No,No,500,0,Non-incapacitating
Dry,No,Shoulder,Clear,No,0,0,0,0,0,1,0,0,0,0,Female,Apparently Normal,No,No,5000,200,Possible
Dry,No,On Roadway,Clear,No,0,0,0,0,0,1,0,1,0,0,Male,Apparently Normal,No,No,1500,0,Non-incapacitating
Wet,No,On Roadway,Rain,Yes,0,0,0,0,0,0,0,0,0,0,Female,Apparently Normal,No,No,10000,16000,Possible
Dry,No,On Roadway,Clear,No,0,0,0,0,0,0,0,1,0,0,Female,Apparently Normal,No,No,5000,0,Non-incapacitating
Dry,No,Shoulder,Clear,No,0,0,0,0,0,0,0,0,0,0,Male,Apparently Normal,No,No,5000,800,Non-incapacitating
Dry,No,Shoulder,Clear,No,0,0,0,0,0,0,0,0,0,0,Male,Apparently Normal,No,No,5000,200,Possible
Dry,No,Off Roadway,Clear,No,0,0,0,0,0,0,0,0,0,0,Male,Apparently Normal,No,No,9000,6000,Possible
Wet,No,Off Roadway,Rain,No,0,0,1,0,0,1,0,0,0,0,Male,Under the influence of Medications/Drugs/Alcohol,No,Yes,10000,4000,Non-incapacitating
Dry,No,On Roadway,Clear,No,0,0,0,0,0,1,0,0,0,0,Female,Apparently Normal,No,No,15000,0,Possible
Wet,No,On Roadway,Rain,No,0,0,0,0,0,0,0,0,0,0,Female,Apparently Normal,No,No,10000,25000,Incapacitating
Dry,No,On Roadway,Clear,No,0,0,1,0,0,1,0,0,0,0,Male,Under the influence of Medications/Drugs/Alcohol,Yes,Yes,15000,1000,Incapacitating
Dry,No,Off Roadway,Clear,No,0,0,0,0,0,1,0,0,0,0,Male,Apparently Normal,No,No,5000,1000,Possible
Wet,No,Shoulder,Rain,No,0,0,0,0,0,1,0,0,0,0,Male,Apparently Normal,No,No,2000,0,Possible
Wet,No,Shoulder,Rain,No,0,0,0,0,0,1,0,0,0,0,Male,Apparently Normal,No,No,5000,0,Possible
Dry,No,Shoulder,Clear,No,0,0,0,0,0,1,0,0,0,0,Female,Apparently Normal,No,No,10000,0,Possible
Dry,No,Off Roadway,Clear,No,0,0,0,0,0,0,0,0,0,0,Female,Apparently Normal,No,No,2000,0,Possible
Dry,No,Off Roadway,Clear,No,0,0,0,0,0,1,0,0,0,0,Female,Unknown,No,No,5000,1000,Fatal
Dry,No,Shoulder,Clear,No,0,0,0,0,0,0,0,0,0,0,Male,Apparently Normal,No,No,3000,4500,Possible
Dry,No,On Roadway,Clear,No,0,0,0,0,0,1,0,1,0,0,No Data,Apparently Normal,No,No,5000,0,Non-incapacitating
Dry,No,Shoulder,Clear,Yes,0,0,0,0,0,0,0,0,0,0,Female,Apparently Normal,No,No,3000,2000,Incapacitating
Dry,No,On Roadway,Clear,No,0,0,0,0,0,0,0,0,0,0,Male,Apparently Normal,No,No,10000,5000,Possible
Dry,No,Shoulder,Clear,Yes,0,0,1,0,0,0,0,0,0,0,Male,Under the influence of Medications/Drugs/Alcohol,Yes,Unknown,8000,25000,Incapacitating
Dry,No,Shoulder,Clear,No,0,0,1,0,0,1,0,0,0,0,Male,Under the influence of Medications/Drugs/Alcohol,No,No,10000,2780,Possible
Wet,No,On Roadway,Rain,Yes,0,0,0,0,0,0,0,0,0,0,Female,Apparently Normal,No,No,6000,4000,Possible
Dry,No,Median,Clear,No,0,0,0,0,0,1,0,0,0,0,Male,Apparently Normal,No,No,3000,8000,Possible
Dry,No,On Roadway,Clear,No,0,0,0,0,0,0,0,0,0,0,Male,Apparently Normal,No,No,2500,0,Non-incapacitating
Dry,No,Off Roadway,Clear,No,0,0,0,0,0,1,0,0,0,0,Female,Apparently Normal,No,No,4500,0,Possible
Dry,No,Off Roadway,Cloudy,No,0,0,0,0,0,0,0,0,0,0,Male,Apparently Normal,No,No,13000,10000,Incapacitating
Wet,No,Median,Rain,No,0,0,1,0,0,1,0,0,0,0,Male,Unknown,No,No,6000,500,Non-incapacitating
Wet,No,Median,Rain,No,0,0,0,0,0,0,0,0,0,0,Male,Apparently Normal,No,No,12000,0,Possible
Dry,No,Shoulder,Clear,No,0,0,0,0,0,0,0,0,0,0,Male,"Seizure, Epilepsy, Blackout",No,No,8000,0,Incapacitating
Dry,No,Off Roadway,Clear,Yes,0,0,0,0,0,0,0,0,0,0,Female,Apparently Normal,No,No,9000,4000,Non-incapacitating
Wet,No,Off Roadway,Cloudy,No,0,0,0,0,0,0,0,0,0,0,Female,"Seizure, Epilepsy, Blackout",No,No,6000,0,Incapacitating
Dry,No,Off Roadway,Clear,No,0,0,1,0,0,1,0,0,0,0,Male,Under the influence of Medications/Drugs/Alcohol,Yes,No,4000,0,Possible
Wet,No,Off Roadway,Rain,No,0,0,0,0,0,0,1,0,0,0,Male,Apparently Normal,No,No,6000,5000,Possible
Dry,No,On Roadway,Clear,No,0,0,0,0,0,1,0,0,0,0,Female,Apparently Normal,No,No,3000,1500,Possible
Dry,No,Off Roadway,Clear,No,0,0,0,0,0,0,0,0,0,0,Male,Apparently Normal,No,No,4000,4000,Possible
Dry,No,Off Roadway,Clear,No,0,0,1,0,0,1,0,0,0,0,Male,Under the influence of Medications/Drugs/Alcohol,No,Unknown,7500,0,Non-incapacitating
Wet,No,Shoulder,Cloudy,No,0,0,0,0,0,1,0,0,0,0,Male,Apparently Normal,No,No,8500,0,Possible
Wet,No,On Roadway,Rain,No,0,0,0,0,0,0,0,0,0,0,Male,Apparently Normal,No,No,10000,2800,Possible
Dry,No,On Roadway,Clear,No,0,0,0,0,0,0,0,0,1,0,Female,Apparently Normal,No,No,1000,0,Non-incapacitating
Wet,No,Shoulder,Rain,No,0,0,0,0,0,1,0,0,0,0,Female,Apparently Normal,No,No,10000,0,Possible
Dry,No,Off Roadway,Cloudy,No,0,0,0,0,0,0,0,0,0,0,Male,Apparently Normal,No,No,2500,0,Possible
Dry,No,Shoulder,Clear,No,0,0,0,0,0,1,0,0,0,0,Male,Apparently Normal,No,No,15000,1000,Non-incapacitating
Dry,No,Off Roadway,Clear,No,0,0,0,0,0,1,0,1,0,0,Male,Apparently Normal,No,No,2000,0,Incapacitating
Wet,No,Shoulder,Cloudy,No,0,0,0,0,0,1,0,0,0,0,Female,Apparently Normal,No,No,3000,0,Non-incapacitating
Dry,No,Off Roadway,Clear,No,0,0,0,0,0,0,0,0,0,0,Female,Apparently Normal,No,No,8000,1000,Possible
Dry,No,Shoulder,Clear,No,0,0,0,0,0,0,0,0,0,0,Male,Apparently Normal,No,No,2000,0,Possible
Dry,No,Shoulder,Clear,No,0,0,1,0,0,0,0,0,0,0,Male,Under the influence of Medications/Drugs/Alcohol,Yes,No,2000,0,Non-incapacitating
Wet,No,Median,Rain,No,0,0,0,0,0,0,0,0,0,0,Male,Apparently Normal,No,No,2500,500,Possible
Dry,No,Median,Clear,No,0,0,0,1,0,0,0,0,0,0,Female,Apparently Normal,No,No,15000,2000,Non-incapacitating
Wet,No,Shoulder,Cloudy,No,0,0,0,0,0,0,0,0,0,0,Male,Apparently Normal,No,No,3000,0,Possible
Wet,No,Off Roadway,Rain,No,0,0,0,0,0,1,0,0,0,0,Male,Apparently Normal,No,No,3000,0,Non-incapacitating
Dry,No,Off Roadway,Cloudy,No,0,0,0,0,0,0,0,0,0,0,Male,Apparently Normal,No,No,3000,0,Non-incapacitating
Dry,No,On Roadway,Cloudy,Yes,0,0,0,0,0,0,1,0,0,0,Male,Apparently Normal,No,No,10000,3000,Incapacitating
Wet,No,Off Roadway,Clear,No,0,0,0,0,0,1,0,0,0,0,Female,Apparently Normal,No,No,5000,4000,Possible
Dry,No,Off Roadway,Clear,No,0,0,0,0,0,0,0,0,0,0,Female,Apparently Normal,No,No,5000,1500,Possible
Dry,No,Off Roadway,Clear,No,0,0,0,0,0,1,0,0,0,0,Female,Apparently Normal,No,No,5000,0,Possible
Dry,No,Off Roadway,Clear,No,0,0,0,0,0,0,1,0,0,0,Male,Apparently Normal,No,No,4000,1500,Possible
Dry,No,Off Roadway,Clear,No,0,0,0,0,0,0,0,0,0,0,Male,Ill (sick) or Fainted,No,No,7000,7000,Non-incapacitating
Dry,No,Off Roadway,Clear,No,0,0,0,0,0,0,0,0,0,0,Male,Apparently Normal,No,No,7000,5000,Possible
Dry,No,Off Roadway,Clear,No,0,0,0,0,0,0,0,0,0,0,Female,Apparently Normal,No,No,5000,0,Possible
Dry,No,On Roadway,Clear,No,0,0,0,0,0,1,0,0,0,0,Female,Apparently Normal,No,No,5000,0,Non-incapacitating
Wet,No,Median,Cloudy,No,0,0,0,0,0,1,0,0,0,0,Female,Apparently Normal,No,No,6000,0,Possible
Wet,No,On Roadway,Cloudy,No,0,0,0,0,0,1,0,0,0,0,Female,Apparently Normal,No,No,4000,0,Possible
Dry,No,Shoulder,Clear,No,0,0,0,0,0,0,1,0,0,0,Male,Apparently Normal,No,No,10000,0,Non-incapacitating
Dry,No,On Roadway,Clear,No,0,0,0,0,0,1,0,1,0,0,Female,Apparently Normal,No,No,2500,0,Incapacitating
Wet,No,Off Roadway,Cloudy,No,0,0,1,0,0,1,0,0,0,0,Male,Under the influence of Medications/Drugs/Alcohol,No,Yes,2000,0,Non-incapacitating
Dry,Yes,On Roadway,Clear,No,1,0,0,0,0,0,0,0,0,0,Female,Unknown,No,Unknown,2500,0,Fatal
Dry,No,On Roadway,Clear,No,0,0,0,0,0,0,0,0,0,0,Female,Apparently Normal,No,No,10000,1000,Incapacitating
Dry,No,Median,Clear,No,0,0,0,0,0,1,0,0,0,0,Male,Apparently Normal,No,No,5000,5000,Incapacitating
Dry,No,Median,Clear,No,0,0,1,0,0,1,0,0,0,0,Male,Under the influence of Medications/Drugs/Alcohol,Yes,No,10000,0,Non-incapacitating
Dry,No,Off Roadway,Clear,No,0,0,0,0,0,1,0,0,0,0,Female,Asleep or Fatigued,No,No,8000,0,Non-incapacitating
Dry,No,On Roadway,Clear,No,0,0,1,0,0,0,0,0,0,0,Male,Apparently Normal,No,No,3000,0,Possible
Dry,No,Shoulder,Clear,No,0,0,0,0,0,1,0,0,0,0,Male,Apparently Normal,No,No,2000,0,Possible
Wet,No,Shoulder,Rain,No,0,0,0,0,0,1,0,0,0,0,Male,Apparently Normal,No,No,2000,500,Incapacitating
Dry,No,Off Roadway,Clear,No,1,0,0,0,0,0,0,0,0,1,Male,Apparently Normal,No,No,10000,5000,Non-incapacitating
Dry,No,Off Roadway,Clear,No,0,0,1,0,0,1,0,0,0,0,Male,Under the influence of Medications/Drugs/Alcohol,Yes,Yes,10000,10000,Fatal
Dry,No,Median,Clear,No,0,0,0,0,0,1,0,0,0,0,Male,Apparently Normal,No,No,4000,3000,Possible
Dry,No,Off Roadway,Clear,No,0,0,0,0,0,1,0,0,0,0,Male,Apparently Normal,No,No,7000,2500,Non-incapacitating
Dry,No,Off Roadway,Clear,No,0,0,0,0,0,1,0,0,0,0,Male,Apparently Normal,No,No,3000,0,Possible
Dry,No,Off Roadway,Clear,No,0,0,0,0,0,0,0,0,0,1,Female,Apparently Normal,No,No,5000,5000,Non-incapacitating
Dry,No,Shoulder,Cloudy,No,0,0,0,0,0,0,0,0,0,0,Female,"Emotional (depression, angry, disturbed, etc)",No,No,13000,0,Non-incapacitating
Dry,No,Median,Cloudy,No,0,0,0,0,0,0,0,0,0,0,Male,Apparently Normal,No,No,10000,0,Non-incapacitating
Dry,No,Shoulder,Clear,No,0,0,0,0,0,0,0,0,0,0,Female,Apparently Normal,No,No,10000,0,Possible
Wet,No,On Roadway,Cloudy,No,0,0,0,0,0,1,0,1,0,0,Male,Apparently Normal,No,No,4000,0,Possible
Wet,No,Off Roadway,Rain,No,0,0,0,0,0,0,0,0,0,0,Female,Apparently Normal,No,No,8000,0,Non-incapacitating
Dry,No,Off Roadway,Clear,No,0,0,0,0,0,1,0,0,0,0,Male,Apparently Normal,No,No,6000,0,Non-incapacitating
Dry,No,On Roadway,Clear,No,0,0,0,0,0,0,0,1,0,0,Male,Apparently Normal,No,No,200,0,Incapacitating
Dry,No,Shoulder,Clear,Yes,0,0,0,0,0,0,0,0,0,0,Female,Apparently Normal,No,No,70000,30000,Incapacitating
Dry,No,On Roadway,Clear,No,0,0,0,0,0,1,0,0,0,0,Male,Apparently Normal,No,No,8000,0,Non-incapacitating
Dry,No,On Roadway,Cloudy,Yes,0,0,0,0,0,0,0,1,0,0,Male,Apparently Normal,No,No,3000,0,Incapacitating
Dry,No,Off Roadway,Clear,No,0,0,0,0,0,0,0,0,0,0,Female,"Seizure, Epilepsy, Blackout",No,No,2000,0,Possible
Dry,No,Median,Clear,No,0,0,0,0,0,0,0,0,0,1,Female,Apparently Normal,No,No,10000,0,Non-incapacitating
Wet,No,Shoulder,Rain,No,0,0,0,0,0,0,0,0,0,0,Male,Apparently Normal,No,No,10000,2000,Non-incapacitating
Wet,No,Shoulder,Cloudy,No,0,0,0,0,0,0,0,0,0,0,Female,Apparently Normal,No,No,4000,1000,Non-incapacitating
Wet,No,Median,Rain,No,0,0,0,0,0,1,0,0,0,0,Female,Apparently Normal,No,No,10000,0,Non-incapacitating
Dry,No,Off Roadway,Cloudy,No,0,0,0,0,0,0,0,0,0,0,Female,Apparently Normal,No,No,8000,0,Possible
Dry,No,Shoulder,Clear,No,0,0,0,0,0,0,0,0,0,0,Female,Apparently Normal,No,No,6000,100,Possible
Dry,No,On Roadway,Clear,No,0,0,0,0,0,0,0,0,0,0,Female,Apparently Normal,No,No,4000,0,Possible
Dry,No,Median,Clear,No,0,0,0,0,0,0,0,0,0,0,Female,Apparently Normal,No,No,7000,2000,Possible
Dry,No,Shoulder,Cloudy,No,0,0,0,0,0,0,1,0,0,0,Male,Apparently Normal,No,No,20000,2000,Non-incapacitating
Dry,No,On Roadway,Clear,No,0,0,0,0,0,0,0,1,0,0,Male,Apparently Normal,No,No,3000,0,Non-incapacitating
Wet,No,Off Roadway,Cloudy,No,0,0,0,0,0,1,0,0,0,0,Male,Unknown,No,No,8000,5000,Fatal
Wet,No,Off Roadway,Rain,No,0,0,0,0,0,1,0,0,0,0,Male,Apparently Normal,No,No,5000,1000,Possible
Wet,No,Shoulder,Rain,No,0,0,0,0,0,1,0,0,0,0,Male,Apparently Normal,No,No,6000,0,Possible
Dry,No,Shoulder,Clear,No,0,0,0,0,0,1,0,0,0,0,Female,Asleep or Fatigued,No,No,6000,0,Possible
Dry,No,On Roadway,Cloudy,No,0,0,0,0,0,0,0,0,0,0,Female,Apparently Normal,No,No,7000,0,Non-incapacitating
Wet,No,Off Roadway,Rain,No,0,0,0,0,0,1,0,0,0,0,Male,Apparently Normal,No,No,5000,0,Possible
Dry,No,Off Roadway,Clear,No,0,0,0,0,0,0,0,0,0,0,Male,Apparently Normal,No,No,5000,0,Possible
Dry,No,Off Roadway,Clear,No,0,0,0,0,0,1,0,0,0,0,Male,Apparently Normal,No,No,5000,0,Non-incapacitating
Dry,No,Off Roadway,Clear,No,0,0,1,0,0,0,0,0,0,0,Female,Under the influence of Medications/Drugs/Alcohol,No,Unknown,7000,0,Non-incapacitating
Dry,No,Median,Clear,No,0,0,0,0,0,0,0,0,0,0,Female,Apparently Normal,No,No,3000,100,Possible
Wet,No,Shoulder,Rain,No,0,0,0,0,0,0,1,0,0,0,Male,Apparently Normal,No,No,30000,0,Non-incapacitating
Wet,No,Off Roadway,Rain,No,0,0,1,0,0,1,0,0,0,0,Female,Under the influence of Medications/Drugs/Alcohol,No,Yes,8000,0,Incapacitating
Wet,No,Off Roadway,Cloudy,No,0,0,0,0,0,0,0,0,0,0,Male,Apparently Normal,No,No,5000,0,Non-incapacitating
Dry,No,On Roadway,Cloudy,No,0,0,0,0,0,1,0,0,0,0,Female,Apparently Normal,No,No,6000,0,Possible
Wet,No,Off Roadway,Cloudy,No,0,0,0,0,0,1,0,0,0,0,Male,Apparently Normal,No,No,8000,0,Possible
Wet,No,Off Roadway,Rain,No,0,0,0,0,0,0,0,0,0,0,Female,Apparently Normal,No,No,6500,0,Non-incapacitating
Dry,No,Off Roadway,Clear,No,0,0,0,0,0,1,0,0,0,0,Male,Asleep or Fatigued,No,No,5500,4833,Possible
Wet,No,Shoulder,Rain,No,0,0,0,0,0,1,0,0,0,0,Male,Apparently Normal,No,No,6500,0,Possible
Dry,No,On Roadway,Clear,No,0,0,0,0,0,1,0,0,0,0,Male,Apparently Normal,No,No,1500,20000,Possible
Dry,No,Shoulder,Clear,No,0,0,0,0,0,1,0,0,0,0,Female,Apparently Normal,No,No,2000,2100,Possible
Dry,No,Shoulder,Clear,No,0,0,0,0,0,1,0,0,0,0,Male,Apparently Normal,No,No,1000,0,Non-incapacitating
Dry,No,Off Roadway,Clear,No,0,0,0,0,0,1,0,0,0,0,Female,Apparently Normal,No,No,2000,0,Possible
Dry,No,Off Roadway,Clear,No,0,0,0,0,0,1,0,0,0,0,Male,Apparently Normal,No,No,1000,0,Possible
Wet,No,Off Roadway,Rain,No,0,0,0,0,0,0,0,0,0,0,Male,Apparently Normal,No,No,4500,1500,Possible
Wet,No,Off Roadway,Rain,No,0,0,0,0,0,0,0,0,0,0,Female,Apparently Normal,No,No,2000,1500,Possible
Dry,No,On Roadway,Cloudy,No,0,0,0,0,0,0,0,0,0,0,Female,Apparently Normal,No,No,4500,0,Non-incapacitating
Wet,No,Off Roadway,Rain,No,0,0,0,0,0,1,0,0,0,0,Male,Apparently Normal,No,No,1200,0,Non-incapacitating
Dry,No,Off Roadway,Clear,No,0,0,0,0,0,1,0,0,0,0,Female,Apparently Normal,No,No,9000,0,Non-incapacitating
Dry,No,Shoulder,Clear,No,0,0,0,0,0,1,0,0,0,0,Male,Apparently Normal,No,No,10000,2000,Possible
Wet,No,Off Roadway,Clear,No,0,0,0,0,0,0,0,1,0,0,Male,Unknown,No,No,5000,0,Fatal
Dry,No,On Roadway,Clear,No,0,0,0,0,0,1,0,0,0,0,Male,Apparently Normal,No,No,7000,0,Incapacitating
Dry,No,Median,Clear,No,0,0,0,0,0,1,0,0,0,0,Male,Asleep or Fatigued,No,No,1000,500,Possible
Dry,No,On Roadway,Clear,No,0,0,0,0,0,1,0,0,0,0,Male,Apparently Normal,No,No,20000,0,Non-incapacitating
Wet,No,On Roadway,Cloudy,No,0,0,0,0,0,1,0,0,0,0,Male,Apparently Normal,No,No,10000,2000,Non-incapacitating
Wet,No,Off Roadway,Rain,No,0,0,0,0,0,0,0,0,0,0,Female,Apparently Normal,No,No,5000,0,Non-incapacitating
Dry,No,Off Roadway,Clear,No,0,0,0,0,0,0,0,0,0,0,Male,Apparently Normal,No,No,10000,100,Possible
Dry,No,Off Roadway,Clear,No,0,0,0,0,0,1,0,0,0,0,Male,Apparently Normal,No,No,8000,5000,Possible
Wet,No,Off Roadway,Rain,No,0,0,0,0,0,0,0,0,0,0,Male,Apparently Normal,No,No,3500,0,Possible
Wet,No,Shoulder,Rain,No,0,0,0,0,0,0,0,0,0,0,Male,Apparently Normal,No,No,4500,0,Possible
Dry,No,Shoulder,Clear,No,0,0,0,0,0,0,0,0,0,0,Female,Apparently Normal,No,No,13500,0,Non-incapacitating
Dry,No,Shoulder,Clear,No,0,0,0,0,0,0,0,0,0,0,Male,Apparently Normal,No,No,7500,0,Possible
Wet,No,Shoulder,Rain,No,0,0,0,0,0,0,0,1,0,0,Female,Apparently Normal,No,No,3500,0,Possible
Wet,No,Off Roadway,Rain,No,0,0,0,0,0,0,0,0,0,0,Female,Apparently Normal,No,No,8500,2000,Possible
Wet,No,Median,Rain,No,0,0,0,0,0,0,0,0,0,0,Male,Apparently Normal,No,No,12500,2000,Possible
Dry,No,Off Roadway,Clear,No,0,0,0,0,0,0,0,0,0,0,Female,Asleep or Fatigued,No,No,15500,300,Possible
Wet,No,Shoulder,Rain,No,0,0,0,0,0,1,0,0,0,0,Male,Apparently Normal,No,No,3500,500,Non-incapacitating
Wet,No,Median,Rain,No,0,0,0,0,0,1,0,0,0,0,Male,Apparently Normal,No,No,2500,0,Non-incapacitating
Wet,No,Median,Rain,No,0,0,0,0,0,0,0,0,0,0,Male,Apparently Normal,No,No,6000,0,Possible
Dry,No,Off Roadway,Cloudy,No,0,0,0,0,0,0,0,0,0,0,Female,Apparently Normal,No,No,2000,1000,Non-incapacitating
Dry,No,Median,Clear,No,0,0,0,0,0,0,0,0,0,0,Female,Apparently Normal,No,No,12000,0,Possible
Dry,No,Shoulder,Cloudy,No,0,0,0,0,0,0,0,0,0,0,Female,Apparently Normal,No,No,5000,0,Possible
Dry,No,Off Roadway,Clear,No,0,0,0,0,0,0,0,0,0,0,Male,Apparently Normal,No,No,15000,0,Possible
Dry,No,Median,Clear,No,0,0,0,0,0,0,0,0,0,0,Male,Asleep or Fatigued,No,No,6000,0,Non-incapacitating
Dry,No,Median,Clear,No,0,0,0,0,0,1,0,0,0,0,Male,Apparently Normal,No,No,7000,1000,Non-incapacitating
Wet,No,Off Roadway,Rain,No,0,0,0,0,0,0,0,0,0,0,Male,Apparently Normal,No,No,8000,0,Non-incapacitating
Dry,No,On Roadway,Clear,No,0,0,0,0,0,0,0,0,0,0,Male,Apparently Normal,No,No,1500,0,Possible
Wet,No,Off Roadway,Rain,No,0,0,0,0,0,0,0,0,0,0,Male,Apparently Normal,No,No,2000,6000,Non-incapacitating
Wet,No,Shoulder,Rain,No,0,0,0,0,0,0,0,0,0,0,Female,Apparently Normal,No,No,15000,0,Non-incapacitating
Dry,No,Off Roadway,Clear,No,0,0,0,0,0,0,0,0,0,0,Female,Apparently Normal,No,No,4000,0,Non-incapacitating
Dry,No,Shoulder,Clear,No,0,0,0,0,0,1,0,0,0,0,Male,Asleep or Fatigued,No,No,8000,0,Non-incapacitating
Dry,No,On Roadway,Cloudy,No,0,0,0,0,0,0,0,0,0,0,Male,Apparently Normal,No,No,8000,0,Possible
Wet,No,Shoulder,Rain,No,0,0,0,0,0,0,0,0,0,0,Female,Apparently Normal,No,No,8000,0,Possible
Dry,No,Shoulder,Clear,No,0,0,0,0,0,0,0,0,0,0,Male,"Seizure, Epilepsy, Blackout",No,No,5000,3000,Non-incapacitating
Dry,No,On Roadway,Clear,No,0,0,0,0,0,1,0,1,0,0,Male,Apparently Normal,No,No,3000,0,Non-incapacitating
Wet,No,Off Roadway,Rain,No,0,0,0,0,0,1,0,0,0,0,Female,Apparently Normal,No,No,2000,3000,Possible
Wet,No,Off Roadway,Rain,No,0,0,0,0,0,1,0,0,0,0,Female,Apparently Normal,No,No,10000,5000,Possible
Wet,No,Median,Rain,No,0,0,0,0,0,0,0,0,0,0,Female,Apparently Normal,No,No,5000,500,Possible
Dry,No,On Roadway,Clear,No,0,0,0,0,0,0,0,1,0,0,Male,Apparently Normal,No,No,2000,0,Incapacitating
Dry,No,On Roadway,Cloudy,No,0,0,0,0,0,0,0,0,0,0,Male,Apparently Normal,No,No,20000,0,Incapacitating
Dry,No,Off Roadway,Clear,No,0,0,0,0,0,0,0,0,0,0,Female,Apparently Normal,No,No,6000,1500,Non-incapacitating
Dry,No,Off Roadway,Clear,No,0,0,0,0,0,0,0,0,0,0,Male,Apparently Normal,No,No,8000,5000,Incapacitating
Dry,No,Off Roadway,Clear,No,0,0,0,0,0,0,1,0,0,0,Male,Apparently Normal,No,No,9000,0,Possible
Wet,No,Off Roadway,Rain,No,0,0,0,0,0,0,0,0,0,0,Male,Apparently Normal,No,No,5000,1000,Non-incapacitating
Dry,No,Off Roadway,Clear,No,0,0,0,0,0,1,0,0,0,0,Male,Apparently Normal,No,No,3000,1000,Possible
Wet,No,Shoulder,Rain,Yes,0,0,0,0,0,1,0,0,0,0,Male,Apparently Normal,No,No,7500,0,Incapacitating
Dry,No,Shoulder,Clear,No,0,0,0,0,0,0,0,0,0,0,Female,Apparently Normal,No,No,1000,0,Possible
Wet,No,Shoulder,Rain,No,0,0,0,0,0,0,0,0,0,0,Male,Apparently Normal,No,No,3000,0,Possible
Wet,No,On Roadway,Rain,No,0,0,0,0,0,1,0,1,0,0,Male,Apparently Normal,No,No,3000,0,Possible
Dry,No,Off Roadway,Cloudy,No,0,0,0,0,0,0,0,0,0,0,Male,Apparently Normal,No,No,15000,10000,Non-incapacitating
Dry,No,On Roadway,Clear,No,0,0,0,0,0,0,0,0,0,0,Female,Apparently Normal,No,No,3000,0,Possible
Dry,No,Gore,Cloudy,No,0,0,0,0,0,1,0,1,0,0,Male,Apparently Normal,No,No,200,0,Non-incapacitating
Wet,No,Median,Rain,No,0,0,0,0,0,1,0,0,0,0,Female,Apparently Normal,No,No,2000,0,Non-incapacitating
Dry,No,Off Roadway,Cloudy,No,0,0,0,0,0,0,0,0,0,0,Male,Apparently Normal,No,No,15000,5000,Incapacitating
Wet,No,Off Roadway,Rain,No,0,0,0,0,0,0,0,0,0,0,Female,Apparently Normal,No,No,7500,0,Possible
Wet,No,Shoulder,Cloudy,No,0,0,0,0,0,1,0,0,0,0,Female,Apparently Normal,No,No,5500,0,Possible
Dry,No,On Roadway,Clear,No,0,0,0,0,0,1,0,0,0,0,Female,Apparently Normal,No,No,1900,0,Possible
Dry,No,Off Roadway,Cloudy,No,0,0,0,0,0,1,0,0,0,0,Male,Asleep or Fatigued,No,No,12500,2500,Possible
Dry,No,Off Roadway,Clear,No,0,0,1,0,0,1,0,0,0,0,Male,"Other, Explain in Narrative",No,No,10000,0,Possible
Dry,No,Off Roadway,Clear,No,0,0,1,0,0,1,0,0,0,0,Female,Under the influence of Medications/Drugs/Alcohol,No,Yes,7000,0,Possible
Dry,No,Median,Clear,No,0,0,0,0,0,1,0,0,0,0,Male,Apparently Normal,No,No,1000,3000,Possible
Wet,No,Off Roadway,Cloudy,No,0,0,0,0,0,0,0,0,0,0,Male,Apparently Normal,No,No,3000,200,Possible
Wet,No,On Roadway,Cloudy,No,0,0,0,0,0,1,0,1,0,0,Male,Apparently Normal,No,No,1000,0,Possible
Dry,No,Off Roadway,Clear,No,0,0,0,0,0,0,0,1,0,0,Male,Apparently Normal,No,No,3000,0,Non-incapacitating
Wet,No,Off Roadway,Rain,No,0,0,0,0,0,0,1,0,0,0,Male,Apparently Normal,No,No,15000,3500,Non-incapacitating
Wet,No,Shoulder,Rain,No,0,0,0,0,0,0,0,0,0,0,Male,Apparently Normal,No,No,15000,0,Possible
Wet,No,Median,Cloudy,No,0,0,0,0,0,0,0,0,0,0,Male,Apparently Normal,No,No,3000,0,Possible
Wet,No,Shoulder,Cloudy,No,0,0,0,0,0,0,0,0,0,0,Female,Apparently Normal,No,No,1500,0,Possible
Wet,No,Median,Rain,No,0,0,0,0,0,1,0,0,0,0,Female,Apparently Normal,No,No,10000,0,Possible
Wet,Yes,Median,Cloudy,No,0,0,1,0,0,0,0,0,0,0,Female,Under the influence of Medications/Drugs/Alcohol,No,Yes,3000,0,Non-incapacitating
Wet,No,Shoulder,Rain,No,0,0,0,0,0,0,1,0,0,0,Male,Apparently Normal,No,No,5000,0,Non-incapacitating
Wet,No,On Roadway,Rain,Yes,0,0,0,0,0,0,0,0,0,0,Male,Apparently Normal,No,No,12000,4000,Incapacitating
Wet,No,Shoulder,Rain,No,0,0,0,0,0,1,0,0,0,0,Female,Apparently Normal,No,No,6000,1000,Non-incapacitating
Dry,No,Off Roadway,Clear,No,0,0,0,0,0,0,0,0,0,0,Male,"Seizure, Epilepsy, Blackout",No,No,7000,16000,Incapacitating
Dry,No,Shoulder,Cloudy,No,0,0,0,0,0,0,0,0,0,0,Male,Apparently Normal,No,No,5000,0,Non-incapacitating
Wet,No,Shoulder,Rain,No,0,0,0,0,0,0,0,0,0,0,Female,Apparently Normal,No,No,9500,0,Possible
Dry,Yes,Median,Clear,Yes,0,0,0,0,0,1,0,0,0,0,Female,Asleep or Fatigued,No,Unknown,5000,250,Non-incapacitating
Dry,No,Shoulder,Clear,No,0,0,0,0,0,0,0,0,0,0,Female,Apparently Normal,No,No,12000,0,Possible
Dry,No,Shoulder,Clear,No,0,0,1,0,0,1,0,0,0,0,Male,Under the influence of Medications/Drugs/Alcohol,No,No,8600,0,Possible
Dry,No,Shoulder,Clear,No,0,0,0,0,0,1,0,0,0,0,Female,Apparently Normal,No,No,4300,0,Possible
Dry,No,Median,Clear,No,0,0,0,0,0,0,0,0,0,0,Male,Apparently Normal,No,No,6500,1200,Possible
Dry,No,Shoulder,Cloudy,No,0,0,0,0,0,0,0,0,0,0,Male,Apparently Normal,No,No,20000,0,Possible
Dry,No,On Roadway,Cloudy,No,0,0,0,0,0,0,0,0,0,0,Female,Apparently Normal,No,No,7500,3000,Non-incapacitating
Wet,No,Shoulder,Rain,No,0,0,0,0,0,0,0,0,0,0,Female,Apparently Normal,No,No,2000,500,Possible
Dry,No,On Roadway,Cloudy,No,0,0,0,0,0,0,0,0,0,0,Male,Apparently Normal,No,No,1000,0,Possible
Dry,No,On Roadway,Clear,No,0,0,0,0,0,0,0,0,0,0,Male,Apparently Normal,No,No,2500,2000,Possible
Dry,No,On Roadway,Cloudy,No,0,0,0,0,0,0,0,0,0,0,Male,Apparently Normal,No,No,1500,0,Incapacitating
Dry,No,Off Roadway,Clear,No,0,0,0,0,0,0,0,0,0,0,Female,Apparently Normal,No,No,6000,0,Incapacitating
Wet,No,On Roadway,Rain,No,0,0,0,0,0,0,0,0,0,0,Female,Apparently Normal,No,No,4000,0,Non-incapacitating
Dry,No,Median,Clear,No,0,0,0,0,0,0,0,0,0,0,Male,"Seizure, Epilepsy, Blackout",No,No,3000,0,Incapacitating
Wet,No,Median,Rain,No,0,0,0,0,0,0,0,0,0,0,Female,Apparently Normal,No,No,3000,0,Possible
Dry,No,On Roadway,Clear,No,0,0,0,0,0,1,0,0,0,0,Male,Apparently Normal,No,No,3000,0,Possible
Dry,No,Shoulder,Cloudy,No,0,0,0,0,0,1,0,0,0,0,Female,Apparently Normal,No,No,5000,0,Possible
Dry,No,Off Roadway,Cloudy,No,0,0,1,0,0,1,0,0,0,0,Male,Unknown,Yes,Yes,20000,10000,Fatal
Dry,No,Shoulder,Clear,No,0,0,0,0,0,1,0,0,0,0,Female,Apparently Normal,No,No,1500,0,Non-incapacitating
Dry,No,Off Roadway,Clear,No,0,0,1,0,0,1,0,0,0,0,Female,Under the influence of Medications/Drugs/Alcohol,Yes,Unknown,12000,5000,Fatal
Dry,No,On Roadway,Clear,No,0,0,0,0,0,1,0,0,0,0,Male,Apparently Normal,No,No,10000,0,Non-incapacitating
Wet,No,Shoulder,Rain,No,0,0,0,0,0,1,0,0,0,0,Male,Unknown,No,No,5000,0,Possible
Dry,No,Shoulder,Clear,No,0,0,1,0,0,0,0,0,0,0,Female,Under the influence of Medications/Drugs/Alcohol,Yes,Unknown,3500,0,Fatal
Dry,No,On Roadway,Clear,No,0,0,0,0,0,0,0,0,0,0,Female,Apparently Normal,No,No,15000,0,Incapacitating
Wet,No,Off Roadway,Rain,No,0,0,0,0,0,1,0,0,0,0,Male,Apparently Normal,No,No,25000,10000,Possible
Wet,No,Off Roadway,Rain,No,0,0,0,0,0,1,0,0,0,0,Female,Apparently Normal,No,No,12000,0,Possible
Dry,No,Off Roadway,Clear,No,0,0,0,0,0,1,0,0,0,0,Male,Apparently Normal,No,No,8000,200,Possible
Dry,No,Off Roadway,Clear,No,0,0,0,0,0,1,0,0,0,0,Male,Apparently Normal,No,No,18000,6000,Possible
Dry,No,Off Roadway,Clear,No,0,0,0,0,0,1,0,0,0,0,Male,Apparently Normal,No,No,18000,1000,Possible
Dry,No,On Roadway,Clear,No,0,0,0,0,0,0,0,0,0,0,Male,Apparently Normal,No,No,4000,0,Possible
Wet,No,Median,Rain,No,0,0,0,0,0,1,0,0,0,0,Female,Apparently Normal,No,No,2500,0,Non-incapacitating
Wet,No,Shoulder,Rain,No,0,0,0,0,0,0,0,0,0,0,Male,Apparently Normal,No,No,8000,0,Possible
Dry,No,On Roadway,Clear,No,0,0,0,0,0,0,0,0,0,0,Female,Apparently Normal,No,No,6000,250,Possible
Dry,No,Shoulder,Clear,No,0,0,0,0,0,1,0,0,0,0,Male,Apparently Normal,No,No,15000,0,Possible
Dry,No,Median,Cloudy,No,0,0,0,0,0,0,0,0,0,0,Male,Ill (sick) or Fainted,No,No,150,0,Possible
Dry,No,On Roadway,Cloudy,No,0,0,0,0,0,1,0,1,0,0,Male,Apparently Normal,No,No,20000,0,Possible
Dry,No,Shoulder,Clear,No,0,0,0,0,0,1,0,0,0,0,Male,Apparently Normal,No,No,6000,0,Possible
Dry,No,On Roadway,Clear,No,1,0,0,0,0,0,0,0,0,0,Female,Apparently Normal,No,No,250,0,Incapacitating
Dry,No,Off Roadway,Clear,No,0,0,1,0,0,1,0,0,0,0,Male,Under the influence of Medications/Drugs/Alcohol,No,Yes,15000,0,Possible
Dry,No,Off Roadway,Clear,No,0,0,1,0,0,1,0,1,0,0,Male,Unknown,Yes,Unknown,2000,0,Incapacitating
Dry,Yes,Median,"Other, Explain in Narrative",No,0,0,0,0,0,0,0,0,0,0,Unknown,Unknown,No,Unknown,3000,1000,Possible
Dry,Yes,Off Roadway,Cloudy,No,0,0,0,0,0,0,0,0,0,0,Male,Apparently Normal,No,No,6000,3000,Non-incapacitating
Dry,No,Off Roadway,Cloudy,No,0,0,0,0,0,0,0,0,0,0,Male,Apparently Normal,No,No,8000,2000,Possible
Dry,No,Shoulder,Clear,No,0,0,0,0,0,1,0,0,0,0,Female,Asleep or Fatigued,No,No,8000,0,Possible
Dry,No,Shoulder,Clear,No,0,0,0,0,0,1,0,0,0,0,Female,Apparently Normal,No,No,10000,30000,Possible
Dry,No,On Roadway,Cloudy,No,0,0,0,0,0,1,0,0,0,0,Male,Apparently Normal,No,No,5000,40000,Non-incapacitating
Dry,No,On Roadway,Clear,No,0,0,0,0,0,0,0,1,0,0,Male,Apparently Normal,No,No,1000,0,Non-incapacitating
Dry,No,On Roadway,Clear,No,0,0,0,0,0,1,0,0,0,0,Male,Apparently Normal,No,No,2000,0,Possible
Wet,No,Off Roadway,Rain,No,0,0,0,0,0,1,0,0,0,0,Female,Apparently Normal,No,No,8000,0,Possible
Dry,No,Off Roadway,Clear,No,0,0,1,0,0,1,0,0,0,0,Male,Under the influence of Medications/Drugs/Alcohol,Yes,No,15000,2000,Possible
Dry,No,Off Roadway,Clear,No,0,0,0,0,0,0,0,0,0,0,Female,Asleep or Fatigued,No,No,20000,200,Possible
Dry,No,Off Roadway,Cloudy,No,0,0,0,0,0,1,0,0,0,0,Male,Apparently Normal,No,No,5000,0,Possible
Wet,No,Off Roadway,Rain,No,0,0,0,0,0,0,0,0,0,0,Male,Apparently Normal,No,No,5000,0,Possible
Dry,No,Median,Clear,No,0,0,0,0,0,0,0,1,0,0,Male,Apparently Normal,No,No,3000,0,Possible
Dry,No,On Roadway,Cloudy,No,0,0,0,0,0,1,0,0,0,0,Female,Apparently Normal,No,No,20000,10000,Possible
Dry,No,Shoulder,Clear,No,0,0,0,0,0,0,0,0,0,0,Female,Apparently Normal,No,No,4000,1500,Possible
Dry,No,Median,Clear,No,0,0,0,0,0,0,0,0,0,0,Female,Apparently Normal,No,No,4000,3000,Possible
Dry,No,Shoulder,Clear,Yes,0,0,0,0,0,1,0,0,0,0,Male,Apparently Normal,No,No,4000,0,Non-incapacitating
Dry,No,On Roadway,Cloudy,No,0,0,0,0,0,0,0,0,0,0,Female,Apparently Normal,No,No,1000,0,Possible
Dry,No,On Roadway,Clear,No,0,0,0,0,0,0,0,0,0,0,Female,Apparently Normal,No,No,1500,0,Possible
Dry,No,On Roadway,Cloudy,No,0,0,0,0,0,0,0,0,0,0,Male,Apparently Normal,No,No,5000,0,Possible
Wet,No,Off Roadway,Cloudy,No,0,0,0,0,0,1,0,0,0,0,Female,Apparently Normal,No,No,1500,1000,Non-incapacitating
Dry,No,On Roadway,Clear,No,0,0,0,0,0,1,0,1,0,0,Male,Asleep or Fatigued,No,No,3000,0,Incapacitating
Dry,No,Shoulder,Cloudy,No,0,0,0,0,0,0,0,0,0,0,Female,Asleep or Fatigued,No,No,10000,0,Non-incapacitating
Dry,No,Shoulder,Cloudy,No,0,0,0,0,0,0,0,0,0,0,Female,Apparently Normal,No,No,11000,0,Non-incapacitating
Dry,No,On Roadway,Clear,No,1,0,0,0,0,1,0,0,0,0,Male,Apparently Normal,No,No,500,0,Non-incapacitating
Dry,No,On Roadway,Clear,No,0,0,0,0,0,1,0,0,1,0,Male,Apparently Normal,No,No,2000,0,Non-incapacitating
Dry,No,On Roadway,Clear,No,1,0,0,0,0,1,0,0,0,0,Female,Apparently Normal,No,No,100,0,Fatal
Wet,No,Shoulder,Rain,No,0,0,0,0,0,0,0,0,0,0,Male,Apparently Normal,No,No,8000,15000,Non-incapacitating
Dry,No,Off Roadway,Cloudy,No,0,0,0,0,0,0,0,0,0,0,Female,Apparently Normal,No,No,15000,10000,Incapacitating
Dry,No,Off Roadway,Clear,No,0,0,0,0,0,0,0,0,0,0,Female,Apparently Normal,No,No,7000,0,Possible
Dry,No,Median,Clear,No,0,0,0,0,0,0,0,0,0,0,Female,Apparently Normal,No,No,1000,500,Possible
Dry,No,Shoulder,Clear,No,0,0,1,0,0,1,0,0,0,0,Male,Under the influence of Medications/Drugs/Alcohol,No,No,10000,0,Possible
Dry,No,Shoulder,Clear,No,0,0,0,0,0,1,0,0,0,0,Male,Apparently Normal,No,No,1000,0,Possible
Dry,No,Off Roadway,Clear,No,0,0,0,0,0,1,0,0,0,0,Female,Apparently Normal,No,No,3000,5000,Possible
Dry,No,Median,Clear,No,0,0,0,0,0,0,0,0,0,0,Male,Apparently Normal,No,No,15000,0,Possible
Dry,No,On Roadway,Clear,No,0,0,0,0,0,1,0,0,0,0,Male,Apparently Normal,No,No,13000,0,Possible
Dry,No,Off Roadway,Cloudy,No,0,0,0,0,0,0,1,0,0,0,Male,Apparently Normal,No,No,10000,5000,Incapacitating
Dry,No,Off Roadway,Cloudy,No,0,0,0,0,0,0,0,1,0,0,Male,Apparently Normal,No,No,1500,0,Non-incapacitating
Wet,No,Off Roadway,Rain,No,0,0,0,0,0,0,0,0,0,0,Male,Apparently Normal,No,No,2000,0,Non-incapacitating
Dry,No,Shoulder,Clear,No,0,0,0,0,0,0,0,0,0,0,Male,Apparently Normal,No,No,5000,0,Non-incapacitating
Dry,No,On Roadway,Clear,No,0,0,0,0,0,1,0,1,0,0,Male,Apparently Normal,No,No,2500,0,Incapacitating
Dry,No,Off Roadway,Clear,No,0,0,0,0,0,1,0,0,0,0,Male,Asleep or Fatigued,No,No,5000,0,Non-incapacitating
Wet,No,On Roadway,Rain,No,0,0,0,0,0,0,0,0,0,0,Female,Apparently Normal,No,No,8000,0,Non-incapacitating
Dry,No,Off Roadway,Clear,No,0,0,0,0,0,0,0,0,0,0,Male,"Other, Explain in Narrative",No,No,7000,200,Possible
Dry,No,On Roadway,Cloudy,No,0,0,0,0,0,0,0,1,0,0,Male,Apparently Normal,No,No,2000,0,Non-incapacitating
Dry,No,Median,Cloudy,No,0,0,0,0,0,0,0,0,0,0,Male,Apparently Normal,No,No,8000,0,Non-incapacitating
Dry,No,Shoulder,Clear,No,0,0,0,0,0,0,0,0,0,0,Male,Apparently Normal,No,No,3000,1000,Non-incapacitating
Dry,No,Shoulder,Clear,No,0,0,0,0,0,0,0,0,0,0,Male,Apparently Normal,No,No,2000,1000,Possible
Dry,No,On Roadway,Clear,No,0,0,0,0,0,1,0,1,0,0,Male,Apparently Normal,No,No,1000,0,Incapacitating
Dry,No,Shoulder,Clear,No,0,0,0,0,0,1,0,0,0,0,Female,Apparently Normal,No,No,2500,0,Non-incapacitating
Dry,No,Off Roadway,Clear,No,0,0,0,0,0,0,1,0,0,0,Female,Apparently Normal,No,No,209000,0,Non-incapacitating
Wet,No,Shoulder,Rain,No,0,0,0,0,0,1,0,0,0,0,Female,Apparently Normal,No,No,30000,0,Non-incapacitating
Wet,No,Median,Cloudy,No,0,0,0,0,0,1,0,0,0,0,Female,Apparently Normal,No,No,4000,0,Possible
Dry,No,Off Roadway,Clear,No,0,0,0,0,0,1,0,0,0,0,Male,Asleep or Fatigued,No,No,15000,0,Possible
Dry,No,Off Roadway,Clear,No,0,0,1,0,0,1,0,0,0,0,Male,Under the influence of Medications/Drugs/Alcohol,No,No,4000,0,Non-incapacitating
Dry,No,Outside Right-of-Way,Clear,No,0,0,0,0,0,1,0,0,0,0,Male,Apparently Normal,No,No,5000,0,Non-incapacitating
Dry,No,Shoulder,Clear,No,0,0,0,0,0,1,0,0,0,0,Female,Apparently Normal,No,No,2000,0,Possible
Wet,No,Shoulder,Rain,No,0,0,1,0,0,1,0,0,0,0,Male,Under the influence of Medications/Drugs/Alcohol,No,No,15000,3500,Non-incapacitating
Dry,No,On Roadway,Clear,No,0,0,0,0,0,1,0,0,0,0,Female,Apparently Normal,No,No,10000,0,Possible
Dry,No,Shoulder,Clear,No,0,0,0,0,0,0,0,0,0,0,Male,Apparently Normal,No,No,5000,0,Possible
Dry,No,On Roadway,Clear,No,0,0,0,0,0,1,0,0,0,0,Male,Apparently Normal,No,No,4000,0,Possible
Dry,No,On Roadway,"Fog, Smog, Smoke",No,0,0,0,0,0,1,0,0,0,0,Male,Apparently Normal,No,No,13000,0,Non-incapacitating
Dry,No,On Roadway,Clear,No,0,0,0,0,0,0,0,0,0,0,Female,Apparently Normal,No,No,6500,2000,Possible
Dry,No,Shoulder,Cloudy,No,0,0,0,0,0,0,0,0,0,0,Male,Apparently Normal,No,No,8500,0,Possible
Dry,No,On Roadway,Clear,No,1,0,0,0,0,1,0,0,0,0,Female,Apparently Normal,No,No,100,0,Possible
Dry,No,Shoulder,Clear,No,0,0,0,0,0,0,0,0,0,0,Male,Apparently Normal,No,No,700,0,Possible
Dry,No,On Roadway,Clear,No,0,0,0,0,0,0,0,0,0,0,Male,Apparently Normal,No,No,10000,1000,Non-incapacitating
Dry,No,Off Roadway,Cloudy,No,0,0,0,0,0,1,0,0,0,0,Male,Apparently Normal,No,No,5000,1500,Incapacitating
Dry,No,Off Roadway,Cloudy,No,0,0,0,0,0,1,0,0,0,0,Female,Apparently Normal,No,No,5000,4000,Non-incapacitating
Dry,No,On Roadway,Clear,No,0,0,0,0,0,0,0,0,0,0,Male,Apparently Normal,No,No,5000,1500,Incapacitating
Dry,No,Shoulder,Cloudy,No,0,0,0,0,0,0,0,0,0,0,Male,Apparently Normal,No,No,7500,5000,Non-incapacitating
Dry,No,Off Roadway,Cloudy,No,0,0,0,0,0,1,0,0,0,0,Female,Apparently Normal,No,No,2000,0,Possible
Wet,No,Median,Rain,No,0,0,0,0,0,0,0,0,0,0,Female,Apparently Normal,No,No,5000,0,Possible
Dry,No,On Roadway,Clear,No,0,0,0,0,0,1,0,0,0,0,Male,Apparently Normal,No,No,10000,0,Incapacitating
Dry,No,Shoulder,Clear,No,0,0,0,0,0,0,0,0,0,0,Female,Apparently Normal,No,No,3000,0,Non-incapacitating
Dry,No,Off Roadway,Clear,No,0,0,0,0,0,0,0,0,0,0,Male,"Emotional (depression, angry, disturbed, etc)",No,Unknown,14000,500,Incapacitating
Dry,No,Off Roadway,Clear,No,0,0,0,0,0,0,0,0,0,0,Female,"Seizure, Epilepsy, Blackout",No,No,2500,0,Non-incapacitating
Dry,No,Off Roadway,Clear,Yes,0,0,0,0,0,1,0,0,0,0,Male,"Seizure, Epilepsy, Blackout",No,No,7500,0,Incapacitating
Dry,No,Off Roadway,Clear,No,0,0,0,0,0,0,0,0,0,0,Male,Apparently Normal,No,No,20000,0,Non-incapacitating
Dry,No,On Roadway,Cloudy,No,0,0,0,0,0,1,0,0,0,0,Male,Apparently Normal,No,No,0,0,Possible
Dry,No,Off Roadway,Cloudy,No,0,0,0,0,0,1,0,0,0,0,Female,Apparently Normal,No,No,3500,0,Possible
Dry,No,Off Roadway,Clear,No,0,0,0,0,0,1,0,0,0,0,Male,Apparently Normal,No,No,3000,1500,Incapacitating
Dry,No,Off Roadway,Clear,No,0,0,1,0,0,1,0,0,0,0,Female,Under the influence of Medications/Drugs/Alcohol,Yes,No,8000,0,Incapacitating
Dry,No,On Roadway,Clear,No,0,0,0,0,0,1,0,0,0,1,Male,Apparently Normal,No,No,5000,0,Non-incapacitating
Dry,No,Shoulder,Clear,No,0,0,1,0,0,1,0,0,0,0,Male,Under the influence of Medications/Drugs/Alcohol,Yes,No,7000,0,Non-incapacitating
Dry,No,Shoulder,Clear,No,0,0,0,0,0,0,0,0,0,0,Female,Apparently Normal,No,No,10000,0,Non-incapacitating
Dry,No,Shoulder,Clear,No,0,0,0,0,0,0,0,0,0,0,Female,Apparently Normal,No,No,9300,5000,Possible
Dry,No,On Roadway,Clear,No,0,0,0,0,0,0,0,0,0,0,Male,Apparently Normal,No,No,6000,0,Non-incapacitating
Dry,No,Median,Clear,No,0,0,0,0,0,0,0,0,0,0,Female,Apparently Normal,No,No,1500,1000,Possible
Dry,No,On Roadway,Clear,No,0,0,0,0,0,0,0,0,0,0,Male,"Seizure, Epilepsy, Blackout",No,No,10000,1000,Incapacitating
Dry,No,Off Roadway,Clear,No,0,0,1,0,0,1,0,0,0,0,Female,Under the influence of Medications/Drugs/Alcohol,No,No,4000,0,Possible
Dry,No,Median,Clear,No,0,0,1,0,0,1,0,0,0,0,Male,Unknown,No,Unknown,9000,1000,Non-incapacitating
Wet,No,Median,Rain,No,0,0,0,0,0,0,0,0,0,0,Male,Apparently Normal,No,No,2500,0,Non-incapacitating
Dry,No,On Roadway,Clear,No,0,0,0,0,0,0,0,0,0,0,Female,Apparently Normal,No,No,8000,0,Incapacitating
Dry,No,On Roadway,Clear,No,0,0,0,0,0,0,0,1,0,0,Male,Apparently Normal,No,No,1000,0,Incapacitating
Wet,No,Off Roadway,Rain,No,0,0,0,0,0,0,0,0,0,0,Female,Unknown,No,No,6000,3000,Possible
Dry,No,On Roadway,Clear,No,0,0,0,0,0,1,0,0,0,0,Female,Apparently Normal,No,No,10000,1000,Possible
Dry,No,Off Roadway,Clear,No,0,0,0,0,0,1,0,0,0,0,Male,Asleep or Fatigued,No,No,25000,1310,Non-incapacitating
Dry,No,Off Roadway,Clear,No,0,0,0,0,0,1,0,0,0,0,Male,Apparently Normal,No,No,8000,1500,Possible
Dry,No,On Roadway,Cloudy,No,0,0,0,0,0,1,0,0,0,0,Male,Asleep or Fatigued,No,No,1500,0,Possible
Dry,No,Shoulder,Clear,No,0,0,0,0,0,0,0,0,0,0,Male,Apparently Normal,No,No,6000,400,Non-incapacitating
Dry,No,Shoulder,Clear,No,0,0,0,0,0,1,0,0,0,0,Female,Apparently Normal,No,No,7000,0,Possible
Dry,No,On Roadway,Cloudy,Yes,0,0,0,0,0,0,1,0,0,0,Male,Apparently Normal,No,No,250000,600,Incapacitating
Dry,No,On Roadway,Cloudy,No,0,0,0,0,0,0,0,0,0,0,Female,Apparently Normal,No,No,8000,0,Incapacitating
Dry,No,On Roadway,Clear,No,0,0,1,0,0,1,0,0,0,0,Male,Unknown,No,Yes,10000,7000,Non-incapacitating
Dry,No,On Roadway,Clear,No,0,0,0,0,0,1,0,0,0,0,Female,Apparently Normal,No,No,5000,1500,Possible
Dry,No,Off Roadway,Clear,No,0,0,0,0,0,1,0,0,0,0,Male,Apparently Normal,No,No,7500,1000,Possible
Wet,No,Off Roadway,Cloudy,No,0,0,0,0,0,0,0,0,0,0,Male,Apparently Normal,No,No,10000,0,Non-incapacitating
Dry,No,Shoulder,Cloudy,No,0,0,0,0,0,0,0,0,0,0,Female,Apparently Normal,No,No,6000,1500,Possible
Dry,No,On Roadway,Clear,No,0,0,0,0,0,1,0,0,0,0,Male,Apparently Normal,No,No,5000,0,Incapacitating
Dry,No,Median,Clear,No,0,0,0,0,0,0,0,0,0,0,Male,Apparently Normal,No,No,10000,0,Non-incapacitating
Dry,No,Shoulder,Clear,No,0,0,0,0,0,0,0,0,0,0,Male,Apparently Normal,No,No,3500,0,Possible
Wet,No,Shoulder,Rain,No,0,0,0,0,0,0,0,0,0,0,Female,Apparently Normal,No,No,2500,2500,Possible
Dry,No,Off Roadway,Clear,No,0,0,1,0,0,1,0,0,0,0,Male,Under the influence of Medications/Drugs/Alcohol,No,No,5000,1000,Non-incapacitating
Dry,No,On Roadway,Clear,No,0,0,0,0,0,0,0,0,0,0,Male,Apparently Normal,No,No,15000,2000,Possible
Dry,No,On Roadway,Clear,No,0,0,0,0,0,0,0,0,0,0,Male,Apparently Normal,No,No,5000,1000,Non-incapacitating
Dry,No,Off Roadway,Clear,No,0,0,0,0,0,1,0,0,0,0,Male,Apparently Normal,No,No,12000,2000,Possible
Dry,No,Off Roadway,Clear,No,0,0,0,0,0,0,0,0,0,0,Female,Apparently Normal,No,No,6000,1000,Possible
Dry,No,On Roadway,Clear,No,0,0,0,0,0,1,0,0,0,0,Male,Apparently Normal,No,No,6000,0,Non-incapacitating
Dry,No,Shoulder,Clear,No,0,0,0,0,0,0,0,0,0,0,Female,Apparently Normal,No,No,7000,200,Non-incapacitating
Dry,No,On Roadway,Clear,No,0,0,0,0,0,1,0,0,1,0,Female,Apparently Normal,No,No,5000,0,Possible
Dry,No,Shoulder,Clear,No,0,0,0,0,0,0,0,1,0,0,Male,Apparently Normal,No,No,1000,0,Incapacitating
Dry,No,Shoulder,Clear,No,0,0,0,0,0,0,0,0,0,0,Female,"Seizure, Epilepsy, Blackout",No,No,5000,0,Incapacitating
Dry,No,On Roadway,Clear,No,0,0,0,0,0,0,0,0,0,0,Male,Apparently Normal,No,No,5000,0,Incapacitating
Dry,No,Shoulder,Clear,No,0,0,0,0,0,1,0,0,0,0,Male,Apparently Normal,No,No,9000,0,Incapacitating
Dry,No,Off Roadway,Cloudy,No,0,0,0,0,0,1,0,0,0,0,Male,Apparently Normal,No,No,5000,0,Non-incapacitating
Wet,No,Off Roadway,Cloudy,No,0,0,0,0,0,1,0,0,0,0,Female,Asleep or Fatigued,No,No,10000,1000,Non-incapacitating
Dry,No,On Roadway,Clear,No,0,0,0,0,0,0,0,0,0,0,Female,Apparently Normal,No,No,7000,0,Incapacitating
Dry,No,Shoulder,Clear,No,0,0,0,0,0,0,0,0,0,0,Female,Apparently Normal,No,No,8000,0,Incapacitating
Dry,No,On Roadway,Clear,No,0,0,0,0,0,0,0,1,0,0,Male,Apparently Normal,No,No,15,0,Non-incapacitating
Dry,No,Off Roadway,Cloudy,No,0,0,1,0,0,0,0,0,0,0,Male,Apparently Normal,No,Yes,10000,0,Possible
Dry,No,Shoulder,Clear,No,0,0,0,0,0,0,0,0,0,0,Male,"Seizure, Epilepsy, Blackout",No,No,3500,0,Possible
Dry,Yes,Off Roadway,Clear,No,0,0,1,0,0,0,0,0,0,0,Male,Under the influence of Medications/Drugs/Alcohol,Yes,Yes,10000,20000,Possible
Dry,No,Off Roadway,Clear,No,0,0,0,0,0,0,0,1,0,0,Male,Apparently Normal,No,No,3000,0,Incapacitating
Wet,No,Shoulder,Rain,No,0,0,0,0,0,1,0,0,0,0,Female,Apparently Normal,No,No,8000,0,Possible
Dry,Yes,Off Roadway,Cloudy,No,0,0,0,0,0,1,0,0,0,0,Male,Unknown,No,No,10000,0,Incapacitating
Dry,No,On Roadway,Clear,Yes,0,0,0,0,0,1,0,0,0,0,Male,Apparently Normal,No,No,9500,30000,Non-incapacitating
Dry,No,Off Roadway,Cloudy,No,0,0,0,0,0,1,0,0,0,0,Male,Apparently Normal,No,No,10000,0,Non-incapacitating
Dry,No,Shoulder,Clear,No,0,0,1,0,0,1,0,0,0,0,Male,Unknown,Yes,Unknown,9000,1000,Fatal
Wet,No,Off Roadway,Cloudy,No,0,0,0,0,0,1,0,0,0,0,Male,Apparently Normal,No,No,10000,0,Non-incapacitating
Dry,No,Off Roadway,Clear,No,0,0,0,0,0,1,0,0,0,0,Male,Apparently Normal,No,No,5000,500,Non-incapacitating
Dry,Yes,Off Roadway,Clear,No,0,0,1,0,0,0,0,0,0,0,Male,Unknown,No,No,10000,500,Possible
Dry,Yes,Median,Clear,No,0,0,0,0,0,0,0,1,0,0,Unknown,"Other, Explain in Narrative",No,Unknown,4000,0,Possible
Dry,No,Shoulder,Cloudy,No,0,0,0,0,0,1,0,0,0,0,Female,Apparently Normal,No,No,5000,2000,Possible
Dry,No,On Roadway,Cloudy,No,0,0,0,0,0,1,0,0,0,0,Male,Apparently Normal,No,No,8000,1000,Incapacitating
Wet,No,Shoulder,Rain,No,0,0,0,0,0,0,0,0,0,0,Female,Apparently Normal,No,No,3000,1700,Possible
Dry,No,Off Roadway,Clear,No,0,0,1,0,0,1,0,0,0,0,Female,Under the influence of Medications/Drugs/Alcohol,Yes,No,2500,4500,Non-incapacitating
Dry,No,Shoulder,Clear,No,0,0,0,0,0,1,0,0,0,0,Male,Apparently Normal,No,No,1200,1000,Possible
Wet,No,Median,Cloudy,No,0,0,0,0,0,1,0,0,0,0,Male,Apparently Normal,No,No,5000,2500,Incapacitating
Dry,No,On Roadway,Cloudy,No,0,0,0,0,0,0,0,0,0,0,Male,Apparently Normal,No,No,8000,0,Non-incapacitating
Dry,No,On Roadway,Clear,No,0,0,0,0,0,0,0,0,0,0,Male,Apparently Normal,No,No,10000,3000,Possible
Dry,No,Off Roadway,Clear,No,0,0,1,0,0,1,0,0,0,0,Male,Under the influence of Medications/Drugs/Alcohol,No,Yes,2000,0,Non-incapacitating
Dry,No,Shoulder,Clear,No,0,0,1,0,0,1,0,0,0,0,Female,Under the influence of Medications/Drugs/Alcohol,Yes,No,10000,0,Possible
Dry,No,Shoulder,Clear,No,1,0,0,0,0,1,0,0,0,0,Male,Apparently Normal,No,No,8000,0,Non-incapacitating
Wet,No,Shoulder,Rain,No,0,0,0,0,0,1,0,0,0,0,Male,Apparently Normal,No,No,10000,500,Possible
Dry,No,Shoulder,Cloudy,No,0,0,0,0,0,1,0,0,0,0,Female,Apparently Normal,No,No,5000,2000,Non-incapacitating
Dry,No,Shoulder,Clear,No,0,0,0,0,0,0,0,0,0,0,Male,Apparently Normal,No,No,8000,0,Non-incapacitating
Dry,No,On Roadway,Cloudy,No,0,0,0,0,0,0,0,0,0,0,Female,Apparently Normal,No,No,5000,0,Non-incapacitating
Dry,No,Shoulder,Clear,No,0,0,0,0,0,0,0,0,0,0,Female,Apparently Normal,No,No,5000,1500,Possible
Dry,No,On Roadway,Clear,No,0,0,0,0,0,0,0,1,0,0,Male,Apparently Normal,No,No,3000,0,Possible
Dry,No,Median,Clear,No,0,0,1,0,0,1,0,0,0,0,Male,Under the influence of Medications/Drugs/Alcohol,No,No,4000,5000,Non-incapacitating
Wet,No,Shoulder,Rain,No,0,0,0,0,0,0,0,0,0,0,Female,Apparently Normal,No,No,8000,0,Non-incapacitating
Wet,No,Median,Rain,No,0,0,0,0,0,0,0,0,0,0,Male,Apparently Normal,No,No,15000,0,Possible
Dry,No,Off Roadway,Clear,No,0,0,0,0,0,0,0,0,0,0,Female,Apparently Normal,No,No,4500,0,Incapacitating
Dry,No,Shoulder,Clear,No,0,0,0,0,0,0,0,1,0,0,Male,Apparently Normal,No,No,1000,0,Fatal
Dry,No,Shoulder,Clear,No,0,0,0,0,0,1,0,0,0,0,Female,Apparently Normal,No,No,3500,0,Non-incapacitating
Wet,No,Off Roadway,Cloudy,No,0,0,0,0,0,1,0,0,0,0,Female,"Emotional (depression, angry, disturbed, etc)",No,No,200,0,Incapacitating
Dry,No,Off Roadway,Clear,No,0,0,0,0,0,1,0,0,0,0,Male,Apparently Normal,No,No,6000,0,Incapacitating
Wet,No,Median,Cloudy,No,0,0,0,0,0,1,0,0,0,0,Female,Apparently Normal,No,No,3500,0,Incapacitating
Wet,No,Off Roadway,Cloudy,No,0,0,0,0,0,1,0,0,0,0,Male,Apparently Normal,No,No,4500,0,Non-incapacitating
Wet,No,Median,Cloudy,No,0,0,1,0,0,1,0,0,0,0,Male,Under the influence of Medications/Drugs/Alcohol,Yes,No,4500,5000,Incapacitating
Dry,No,Median,Clear,No,0,0,0,0,0,1,0,0,0,0,Female,Apparently Normal,No,No,5000,0,Non-incapacitating
Dry,No,Off Roadway,Cloudy,No,0,0,0,0,0,0,0,0,0,0,Male,"Seizure, Epilepsy, Blackout",No,No,1500,0,Possible
Dry,No,Shoulder,Clear,No,0,0,0,0,0,0,0,0,0,0,Female,Apparently Normal,No,No,5000,0,Possible
Dry,No,On Roadway,Clear,No,0,0,0,0,0,1,0,0,0,0,Male,Apparently Normal,No,No,3400,0,Non-incapacitating
Dry,No,On Roadway,Clear,No,0,0,0,0,0,1,0,0,0,0,Male,Apparently Normal,No,No,8000,500,Non-incapacitating
Wet,No,On Roadway,Cloudy,No,0,0,0,0,0,1,0,0,0,0,Female,Apparently Normal,No,No,0,0,Non-incapacitating
Dry,No,Off Roadway,Clear,No,0,0,0,0,0,1,0,0,0,0,Male,Apparently Normal,No,No,2000,600,Possible
Dry,No,Shoulder,Cloudy,No,0,0,0,0,0,0,0,1,0,0,Male,Unknown,No,No,5000,0,Incapacitating
Dry,No,On Roadway,Clear,No,0,0,0,0,0,0,0,0,0,0,Female,Apparently Normal,No,No,7500,0,Non-incapacitating
Wet,No,On Roadway,Rain,No,0,0,0,0,0,1,0,0,0,0,Male,Apparently Normal,No,Unknown,10000,0,Non-incapacitating
Wet,No,Median,Rain,No,0,0,0,0,0,1,0,0,0,0,Female,Apparently Normal,No,No,13000,500,Non-incapacitating
Wet,No,Median,Rain,No,0,0,0,0,0,0,0,0,0,0,Male,Apparently Normal,No,No,4000,0,Non-incapacitating
Dry,No,Median,Cloudy,No,0,0,0,0,0,0,0,0,0,0,Male,Apparently Normal,No,No,5000,0,Incapacitating
Dry,No,Off Roadway,Clear,No,0,0,0,0,0,1,0,0,0,0,Male,Apparently Normal,No,No,2500,0,Incapacitating
Dry,No,Off Roadway,Cloudy,No,0,0,0,0,0,0,0,0,0,0,Male,Ill (sick) or Fainted,No,No,8000,0,Incapacitating
Dry,No,On Roadway,Clear,No,0,0,0,0,0,1,0,0,0,0,Male,Apparently Normal,No,No,7500,2000,Possible
Wet,No,Shoulder,Rain,No,0,0,0,0,0,1,0,0,0,0,Male,Apparently Normal,No,No,7000,0,Incapacitating
Dry,No,Shoulder,Clear,No,0,0,0,0,0,0,0,0,0,0,Female,Apparently Normal,No,No,3500,300,Possible
Wet,No,Off Roadway,Rain,No,0,0,0,0,0,1,0,0,0,0,Male,Apparently Normal,No,No,4000,1000,Non-incapacitating
Dry,No,On Roadway,Clear,No,0,0,0,0,0,1,0,1,0,0,Male,Apparently Normal,No,No,500,0,Possible
Wet,No,Shoulder,Rain,No,0,0,0,0,0,0,0,0,0,0,Male,Apparently Normal,No,No,7000,2000,Possible
Dry,No,On Roadway,Clear,No,0,0,0,0,0,0,0,0,0,0,Male,Apparently Normal,No,No,7000,4000,Fatal
Dry,No,Shoulder,Clear,No,0,0,0,0,0,0,0,0,0,0,Male,Apparently Normal,No,No,10000,1000,Non-incapacitating
Dry,No,On Roadway,Cloudy,No,0,0,0,0,0,0,0,1,0,0,Female,Apparently Normal,No,No,3000,0,Non-incapacitating
Dry,No,Shoulder,Cloudy,No,0,0,0,0,0,0,0,0,0,0,Male,Ill (sick) or Fainted,No,No,10000,4000,Non-incapacitating
Dry,No,Off Roadway,Clear,No,0,0,1,0,0,0,0,0,0,0,Male,Under the influence of Medications/Drugs/Alcohol,No,Yes,8500,0,Possible
Wet,No,Shoulder,Rain,No,0,0,0,0,0,0,0,0,0,0,Male,Apparently Normal,No,No,15000,5000,Non-incapacitating
Wet,No,On Roadway,Rain,No,0,0,0,0,0,1,0,0,0,0,Male,Apparently Normal,No,No,8500,500,Possible
Wet,No,Shoulder,Cloudy,No,0,0,0,0,0,0,0,0,0,0,Male,Apparently Normal,No,No,2000,1000,Possible
Dry,No,On Roadway,Clear,No,0,0,0,0,0,0,0,0,0,0,Female,Apparently Normal,No,No,2500,0,Possible
Dry,No,On Roadway,Cloudy,No,0,0,0,0,0,0,0,0,0,0,Female,Apparently Normal,No,No,6000,0,Possible
Wet,No,Median,Rain,No,0,0,0,0,0,0,0,0,0,0,Male,Apparently Normal,No,No,5500,0,Possible
Dry,No,Shoulder,Clear,No,0,0,0,0,0,1,0,0,0,0,Female,Apparently Normal,No,No,5000,0,Possible
Dry,No,Median,Cloudy,No,0,0,0,0,0,0,0,0,0,0,Female,Apparently Normal,No,No,5000,0,Non-incapacitating
Wet,No,On Roadway,Cloudy,No,0,0,0,0,0,1,0,0,0,0,Female,Apparently Normal,No,No,6000,50,Possible
Wet,No,Off Roadway,Rain,No,0,0,0,0,0,1,0,0,0,0,Male,Apparently Normal,No,No,3000,5000,Non-incapacitating
Dry,No,Shoulder,Cloudy,No,0,0,0,0,0,0,0,0,0,0,Male,Apparently Normal,No,No,10000,0,Incapacitating
Dry,No,Shoulder,Clear,Yes,0,0,0,0,0,0,1,0,0,0,Male,Apparently Normal,No,No,75000,300000,Incapacitating
Wet,No,Shoulder,Cloudy,No,0,0,0,0,0,1,0,0,0,0,Female,Apparently Normal,No,No,8000,0,Incapacitating
Dry,No,On Roadway,Clear,No,0,0,0,0,0,0,0,0,0,0,Female,Apparently Normal,No,No,7500,0,Incapacitating
Wet,No,Off Roadway,Rain,No,0,0,0,0,0,1,1,0,0,0,Male,Apparently Normal,No,No,5000,3000,Incapacitating
Dry,No,Shoulder,Clear,No,0,0,0,0,0,0,0,0,0,0,Female,Apparently Normal,No,No,4000,100,Possible
Dry,No,Median,Cloudy,No,0,0,0,0,0,0,0,0,0,0,Male,Apparently Normal,No,No,8000,0,Incapacitating
Dry,No,Shoulder,Clear,No,0,0,1,0,0,1,0,0,0,0,Male,Under the influence of Medications/Drugs/Alcohol,No,No,10000,5000,Incapacitating
Dry,No,Off Roadway,Clear,No,1,0,0,0,0,1,1,0,0,0,Female,Unknown,No,Unknown,4000,0,Incapacitating
Dry,No,Median,Clear,No,0,0,1,0,0,1,0,0,0,0,Male,Under the influence of Medications/Drugs/Alcohol,No,No,10000,6000,Incapacitating
Wet,No,Off Roadway,Rain,No,0,0,0,0,0,0,0,0,0,0,Female,Apparently Normal,No,No,8000,0,Possible
Wet,No,Off Roadway,Cloudy,No,0,0,0,0,0,1,0,0,0,0,Male,Apparently Normal,No,No,3000,0,Non-incapacitating
Dry,No,On Roadway,Clear,No,0,0,0,0,0,0,1,0,0,0,Male,Apparently Normal,No,No,200000,125000,Non-incapacitating
Dry,No,Median,Cloudy,Yes,0,0,0,0,0,0,0,0,0,0,Male,Apparently Normal,No,No,6000,10000,Non-incapacitating
Dry,No,Shoulder,Clear,No,1,0,0,0,0,1,0,0,0,0,Male,Apparently Normal,No,No,0,0,Non-incapacitating
Dry,No,Median,Cloudy,No,0,0,0,0,0,0,0,0,0,0,Female,Apparently Normal,No,No,6000,0,Non-incapacitating
Dry,No,Shoulder,Clear,No,0,0,0,0,0,0,0,0,0,0,Female,Apparently Normal,No,No,5000,0,Non-incapacitating
Wet,No,On Roadway,Rain,No,0,0,0,0,0,0,0,0,0,0,Male,Apparently Normal,No,No,7000,100,Possible
Wet,No,Off Roadway,Rain,No,0,0,0,0,0,1,0,0,0,0,Male,Apparently Normal,No,No,3500,500,Non-incapacitating
Wet,No,Off Roadway,Rain,No,0,0,0,0,0,1,0,0,0,0,Unknown,Unknown,No,Unknown,2000,0,Possible
Dry,No,Shoulder,Clear,No,0,0,0,0,0,1,0,0,0,0,Male,Apparently Normal,No,No,2000,200,Non-incapacitating
Dry,No,On Roadway,Clear,No,0,0,0,0,0,1,0,0,0,0,Female,Apparently Normal,No,No,4000,0,Non-incapacitating
Dry,No,On Roadway,Clear,No,0,0,0,0,0,1,0,0,0,0,Female,Apparently Normal,No,No,8000,0,Non-incapacitating
Dry,No,Off Roadway,Clear,No,0,0,0,0,0,1,0,0,0,0,Female,Apparently Normal,No,No,1000,1000,Possible
Wet,No,Off Roadway,Rain,No,0,0,0,0,0,0,0,0,0,0,Male,Apparently Normal,No,No,2500,0,Possible
Wet,No,Shoulder,Cloudy,No,0,0,1,0,0,0,0,0,0,0,Female,Apparently Normal,Yes,No,5000,1000,Possible
Wet,No,On Roadway,Cloudy,No,0,0,0,0,0,1,0,0,0,0,Male,Apparently Normal,No,No,5000,500,Non-incapacitating
Dry,No,Off Roadway,Cloudy,No,0,0,0,0,0,0,0,0,0,0,Female,Apparently Normal,No,No,4000,10000,Possible
Dry,No,Off Roadway,Clear,No,0,0,0,0,0,0,0,0,0,0,Female,Apparently Normal,No,No,3000,0,Possible
Wet,No,On Roadway,Cloudy,Yes,0,0,0,0,0,0,0,0,0,0,Male,Apparently Normal,No,No,8000,400,Possible
Dry,No,On Roadway,Cloudy,No,0,0,0,0,0,1,0,0,0,0,Female,Apparently Normal,No,No,4000,0,Possible
Dry,No,Off Roadway,Cloudy,No,0,0,0,0,0,0,0,0,0,0,Male,Apparently Normal,No,No,6000,500,Possible
Wet,No,Shoulder,Cloudy,No,0,0,0,0,0,0,0,0,0,0,Male,Apparently Normal,No,No,5000,7000,Non-incapacitating
Dry,No,On Roadway,Cloudy,No,0,0,0,0,0,0,0,0,0,0,Female,Apparently Normal,No,No,2000,0,Incapacitating
Wet,No,Shoulder,Rain,No,0,0,0,0,0,0,0,0,0,0,Male,Apparently Normal,No,No,2500,0,Possible
Wet,No,Shoulder,Rain,No,0,0,0,0,0,0,0,0,0,0,Male,Apparently Normal,No,No,2500,500,Possible
Dry,No,Median,Clear,No,0,0,0,0,0,0,0,0,0,0,Male,Apparently Normal,No,No,4000,3000,Non-incapacitating
Dry,No,On Roadway,Clear,No,0,0,0,0,0,0,0,1,0,0,Male,Apparently Normal,No,No,0,0,Non-incapacitating
Wet,No,Off Roadway,Rain,No,0,0,0,0,0,0,0,0,0,0,Male,Apparently Normal,No,No,7000,500,Non-incapacitating
Wet,No,On Roadway,Rain,No,0,0,0,0,0,0,0,0,0,0,Female,Apparently Normal,No,No,8000,300,Non-incapacitating
Wet,No,On Roadway,Rain,No,0,0,0,0,0,1,0,0,0,0,Female,Apparently Normal,No,No,7000,0,Possible
Wet,No,On Roadway,Rain,No,0,0,0,0,0,0,0,0,0,0,Female,Apparently Normal,No,No,5000,500,Non-incapacitating
Wet,No,Shoulder,Rain,Yes,0,0,0,0,0,0,0,0,0,0,Male,Apparently Normal,No,No,5000,100,Incapacitating
Dry,No,On Roadway,Clear,No,0,0,0,0,0,1,1,0,0,0,Male,Asleep or Fatigued,No,No,16000,0,Possible
Dry,No,On Roadway,Cloudy,No,1,0,0,0,0,1,1,0,0,0,Male,Apparently Normal,No,No,5000,0,Incapacitating
Wet,No,Off Roadway,Rain,No,0,0,0,0,0,0,0,0,0,0,Male,Apparently Normal,No,No,10000,0,Incapacitating
Dry,No,Off Roadway,Clear,No,0,0,0,0,0,0,0,0,0,0,Male,Apparently Normal,No,No,6000,0,Non-incapacitating
Dry,No,Off Roadway,Clear,No,0,0,0,0,0,0,0,0,0,0,Female,Apparently Normal,No,No,8000,10000,Non-incapacitating
Wet,No,On Roadway,Rain,No,0,0,0,0,0,1,0,0,0,0,Female,Apparently Normal,No,No,8000,0,Non-incapacitating
Dry,No,Off Roadway,Clear,No,0,0,0,0,0,1,0,0,0,0,Male,"Seizure, Epilepsy, Blackout",No,No,2000,0,Non-incapacitating
Dry,No,On Roadway,Cloudy,No,0,0,0,0,0,0,0,1,0,0,Male,Apparently Normal,No,No,2000,0,Incapacitating
Dry,No,Median,Cloudy,No,0,0,0,0,0,1,0,0,0,0,Male,Apparently Normal,No,No,8000,0,Possible
Dry,No,On Roadway,Clear,No,0,0,0,0,0,1,1,0,0,0,Male,Apparently Normal,No,No,8000,0,Incapacitating
Dry,No,On Roadway,Clear,No,0,0,0,0,0,1,0,0,0,0,Male,Apparently Normal,No,No,4000,0,Non-incapacitating
Dry,No,On Roadway,Clear,No,0,0,0,0,0,0,0,0,0,0,Male,Apparently Normal,No,No,15000,0,Possible
Dry,No,On Roadway,Cloudy,No,0,0,0,0,0,0,0,0,0,0,Male,Apparently Normal,No,No,5000,500,Non-incapacitating
Dry,No,On Roadway,Cloudy,No,0,0,0,0,0,1,0,0,0,0,Male,Apparently Normal,No,No,2000,2500,Possible
Wet,No,Off Roadway,Rain,No,0,0,0,0,0,0,1,0,0,0,Male,Apparently Normal,No,No,10000,0,Possible
Dry,No,On Roadway,Clear,No,0,0,0,0,0,0,0,1,0,0,Male,Apparently Normal,No,No,10000,0,Non-incapacitating
Wet,No,Median,Rain,No,0,0,0,0,0,0,0,0,0,0,Female,Apparently Normal,No,No,2000,500,Possible
Wet,No,Shoulder,Rain,No,0,0,0,0,0,0,0,0,0,0,Male,Apparently Normal,No,No,8000,0,Non-incapacitating
Dry,No,Shoulder,Cloudy,No,0,0,0,0,0,0,0,0,0,0,Female,Asleep or Fatigued,No,No,5000,0,Possible
Dry,No,Shoulder,Clear,No,0,0,0,0,0,1,0,0,0,0,Male,Apparently Normal,No,No,5000,0,Possible
Dry,No,Off Roadway,Clear,No,0,0,0,0,0,0,0,0,0,0,Female,Apparently Normal,No,No,10000,5000,Non-incapacitating
Dry,No,Shoulder,Clear,No,0,0,0,0,0,0,0,0,0,0,Male,Ill (sick) or Fainted,No,No,5000,0,Non-incapacitating
Dry,No,Off Roadway,Clear,No,0,0,0,0,0,0,0,0,0,0,Male,Apparently Normal,No,No,2200,2200,Non-incapacitating
Dry,No,Shoulder,Cloudy,No,0,0,0,0,0,1,0,0,0,0,Female,Apparently Normal,No,No,7500,0,Possible
Dry,No,On Roadway,Clear,No,0,0,0,0,0,0,0,0,0,0,Female,Apparently Normal,No,No,8000,0,Non-incapacitating
Wet,No,Off Roadway,Rain,No,0,0,0,0,0,0,0,0,0,0,Male,Apparently Normal,No,No,15000,175,Possible
Dry,No,Shoulder,Clear,No,0,0,0,0,0,0,0,0,0,0,Male,Apparently Normal,No,No,1450,0,Incapacitating
Dry,No,Off Roadway,Cloudy,No,0,0,0,0,0,1,0,0,0,1,Female,Apparently Normal,No,No,4000,1000,Non-incapacitating
Dry,No,Off Roadway,Clear,No,0,0,0,0,0,1,0,0,0,0,Male,Apparently Normal,No,No,1200,800,Possible
Dry,No,Shoulder,Clear,No,0,0,0,0,0,0,0,0,0,0,Male,Apparently Normal,No,No,4000,0,Non-incapacitating
Wet,No,Off Roadway,Rain,No,0,0,0,0,0,0,0,0,0,0,Male,Apparently Normal,No,No,1000,200,Possible
Dry,No,On Roadway,Cloudy,No,0,0,0,0,0,0,0,0,0,0,Male,Apparently Normal,No,No,1500,100,Possible
Dry,No,On Roadway,Cloudy,No,0,0,0,0,0,0,0,0,0,0,Female,Apparently Normal,No,No,1000,100,Non-incapacitating
Dry,No,On Roadway,Clear,No,0,0,0,0,0,0,0,1,0,0,Male,Apparently Normal,No,No,5000,0,Non-incapacitating
Dry,No,On Roadway,Clear,No,0,0,0,0,0,0,0,1,0,0,Female,Apparently Normal,No,No,500,0,Non-incapacitating
Dry,No,On Roadway,Clear,No,0,0,0,0,0,0,0,0,0,0,Male,Apparently Normal,No,No,5000,2000,Possible
Dry,No,On Roadway,Clear,No,0,0,0,0,0,0,0,0,0,0,Female,Unknown,No,Unknown,6000,0,Fatal
Dry,No,Shoulder,Clear,No,0,0,0,0,0,1,0,0,0,0,Female,Apparently Normal,No,No,5000,2000,Possible
Dry,Yes,Median,Clear,No,0,0,0,1,0,0,0,0,0,0,Male,Unknown,No,Unknown,10000,2000,Non-incapacitating
Dry,No,On Roadway,Clear,No,0,0,0,0,0,0,0,0,0,0,Male,Apparently Normal,No,No,100000,0,Possible
Dry,No,Median,Clear,No,0,0,0,0,0,1,0,0,0,0,Female,Asleep or Fatigued,No,No,2000,1000,Possible
Dry,No,Shoulder,Clear,No,0,0,0,0,0,0,0,0,0,0,Male,Apparently Normal,No,No,1000,0,Non-incapacitating
Wet,No,Shoulder,Rain,No,0,0,0,0,0,1,0,0,0,0,Male,Asleep or Fatigued,No,No,2000,250,Possible
Dry,No,Off Roadway,Clear,No,0,0,0,0,0,0,0,0,0,0,Male,Ill (sick) or Fainted,No,No,2000,1000,Non-incapacitating
Dry,No,Shoulder,Clear,No,0,0,0,0,0,0,0,0,0,0,Female,"Seizure, Epilepsy, Blackout",No,No,3000,0,Possible
Dry,Yes,Off Roadway,Clear,No,0,0,0,0,0,1,0,0,0,0,Male,Apparently Normal,No,No,5000,1000,Non-incapacitating
Wet,No,Shoulder,Rain,No,0,0,0,0,0,1,0,0,0,0,Male,Apparently Normal,No,No,10000,1000,Non-incapacitating
Wet,No,On Roadway,Rain,No,0,0,0,0,0,0,0,0,0,0,Female,Apparently Normal,No,No,1000,0,Possible
Dry,No,Off Roadway,Clear,No,0,0,0,0,0,1,0,0,0,0,Male,Apparently Normal,No,No,10000,2000,Possible
Dry,No,Median,Clear,No,0,0,0,0,0,0,0,0,0,0,Female,Apparently Normal,No,No,13000,500,Non-incapacitating
Wet,No,Off Roadway,Rain,No,0,0,0,0,0,1,0,0,0,0,Male,Apparently Normal,No,No,8000,300,Possible
Wet,No,Off Roadway,Rain,No,0,0,0,0,0,0,0,0,0,1,Female,Apparently Normal,No,No,7500,0,Possible
Dry,No,Off Roadway,Clear,No,0,0,0,0,0,0,0,0,0,0,Male,Apparently Normal,No,No,6000,0,Possible
Dry,No,Off Roadway,Clear,No,0,0,0,0,0,1,0,0,0,0,Female,Apparently Normal,No,No,15000,0,Possible
Wet,No,Shoulder,Rain,No,0,0,0,0,0,0,0,0,0,0,Male,Apparently Normal,No,No,6500,2000,Incapacitating
Dry,No,On Roadway,Clear,No,0,0,0,0,0,1,0,0,0,0,Female,Apparently Normal,No,No,3000,0,Non-incapacitating
Dry,No,On Roadway,Clear,No,0,0,0,0,0,0,0,1,0,0,Male,Apparently Normal,No,No,700,0,Incapacitating
Wet,Yes,On Roadway,Rain,No,0,0,0,0,0,1,0,0,0,0,Male,Apparently Normal,No,No,5000,0,Possible
Wet,No,Median,Rain,No,0,0,0,0,0,0,0,0,0,0,Male,Apparently Normal,No,No,2000,1000,Possible
Dry,No,On Roadway,Clear,No,0,0,0,0,0,1,0,0,0,0,Male,Apparently Normal,No,No,8000,0,Incapacitating
Wet,No,Median,Rain,No,0,0,0,0,0,0,0,0,0,0,Male,Apparently Normal,No,No,1500,0,Possible
Wet,No,On Roadway,Rain,No,0,0,0,0,0,1,0,0,0,0,Male,Apparently Normal,No,No,10000,0,Possible
Dry,No,Off Roadway,Clear,No,0,0,0,0,0,0,0,0,0,0,Female,Apparently Normal,No,No,15000,0,Possible
Dry,Yes,On Roadway,Clear,No,0,0,0,0,0,1,0,0,0,0,Male,Unknown,No,Unknown,2000,0,Possible
Wet,No,On Roadway,Rain,No,0,0,0,0,0,1,0,0,0,0,Male,Apparently Normal,No,No,8000,0,Non-incapacitating
Dry,No,Median,Clear,No,0,0,0,0,0,0,0,0,0,0,Male,Apparently Normal,No,No,3000,500,Possible
Dry,No,Off Roadway,Clear,No,0,0,0,0,0,1,0,0,0,0,Male,Apparently Normal,No,No,7000,2000,Non-incapacitating
Dry,No,On Roadway,Clear,No,1,0,0,0,0,1,0,0,0,0,Female,Apparently Normal,No,No,1000,0,Non-incapacitating
Dry,No,Shoulder,Clear,No,0,0,0,0,0,0,0,0,0,1,Male,Apparently Normal,No,No,8000,20000,Non-incapacitating
Wet,No,Shoulder,Rain,No,0,0,0,0,0,1,0,0,0,0,Female,Apparently Normal,No,No,6000,0,Possible
Dry,No,Off Roadway,Clear,No,0,0,0,1,0,0,0,0,0,0,Male,Apparently Normal,No,No,10000,8000,Non-incapacitating
Dry,No,Shoulder,Clear,No,0,0,0,0,0,0,0,0,0,0,Female,Ill (sick) or Fainted,No,No,1000,0,Incapacitating
Wet,No,Off Roadway,Cloudy,No,0,0,0,0,0,0,0,0,0,0,Female,Apparently Normal,No,No,4000,5000,Possible
Dry,No,Off Roadway,Clear,No,0,0,0,0,0,0,0,0,0,0,Male,Apparently Normal,No,No,2000,3000,Non-incapacitating
Dry,Yes,Off Roadway,Cloudy,No,0,0,0,0,0,1,0,0,0,0,Female,Unknown,No,No,2000,5000,Non-incapacitating
Dry,No,Off Roadway,Clear,No,0,0,0,0,0,1,0,0,0,0,Male,"Seizure, Epilepsy, Blackout",No,No,8000,2500,Incapacitating
Wet,No,Shoulder,Rain,No,0,0,0,0,0,1,0,0,0,0,Female,Asleep or Fatigued,No,No,15000,5000,Incapacitating
Wet,No,On Roadway,Rain,No,0,0,0,0,0,1,1,0,0,0,Female,Apparently Normal,No,No,2000,0,Possible
Wet,No,Shoulder,Cloudy,No,0,0,0,0,0,0,0,0,0,0,Male,"Other, Explain in Narrative",No,No,5000,6500,Non-incapacitating
Dry,No,On Roadway,"Fog, Smog, Smoke",No,0,0,0,0,0,1,0,0,0,0,Female,Apparently Normal,No,No,10000,0,Non-incapacitating
Wet,No,On Roadway,Rain,No,0,0,0,0,0,0,0,0,0,0,Female,Apparently Normal,No,No,7000,0,Non-incapacitating
Wet,No,Off Roadway,Rain,No,0,0,0,0,0,0,0,0,0,0,Female,Apparently Normal,No,No,10000,0,Incapacitating
Wet,No,Off Roadway,Rain,No,0,0,0,0,0,0,0,0,0,0,Male,Apparently Normal,No,No,14000,0,Non-incapacitating
Dry,No,On Roadway,Clear,No,0,0,0,0,0,1,0,0,0,0,Male,Apparently Normal,No,No,15000,0,Incapacitating
Dry,No,On Roadway,Clear,No,0,0,1,0,0,1,0,0,0,0,Male,Under the influence of Medications/Drugs/Alcohol,No,No,10000,0,Non-incapacitating
Wet,No,Shoulder,Cloudy,No,0,0,0,0,0,0,0,0,0,0,Male,Apparently Normal,No,No,10000,0,Non-incapacitating
Dry,No,Median,Clear,No,0,0,0,0,0,0,0,0,0,0,Male,Ill (sick) or Fainted,No,No,5000,1500,Possible
Wet,No,Separator,Rain,No,0,0,0,0,0,0,0,0,0,0,Male,Apparently Normal,No,No,18000,0,Non-incapacitating
Dry,No,Roadside,Cloudy,No,0,0,0,0,0,1,0,0,0,0,Female,Apparently Normal,No,No,10000,0,Non-incapacitating
Wet,No,On Roadway,Rain,No,0,0,0,0,0,1,0,0,0,0,Female,Apparently Normal,No,No,2000,0,Possible
Dry,No,On Roadway,Clear,No,0,0,1,0,0,0,0,0,0,0,Male,Under the influence of Medications/Drugs/Alcohol,No,Yes,15000,0,Non-incapacitating
Dry,No,Off Roadway,Clear,No,0,0,0,0,0,0,0,0,0,0,Male,Apparently Normal,No,No,2500,50,Possible
Wet,No,Off Roadway,Rain,No,0,0,0,0,0,1,0,0,0,0,Female,Apparently Normal,No,No,4000,0,Non-incapacitating
Wet,No,Median,Rain,No,0,0,0,0,0,1,0,0,0,0,Male,Apparently Normal,No,No,2500,0,Possible
Wet,No,Median,Rain,No,0,0,0,0,0,0,0,0,0,0,Male,Apparently Normal,No,No,6000,2500,Non-incapacitating
Wet,No,Off Roadway,Cloudy,No,0,0,0,0,0,1,0,0,0,0,Male,Apparently Normal,No,No,4000,0,Possible
Wet,No,Shoulder,Rain,No,0,0,0,0,0,0,0,0,0,0,Male,Apparently Normal,No,No,5000,1000,Possible
Dry,No,Roadside,Clear,No,0,0,0,0,0,0,0,0,0,0,Female,Apparently Normal,No,No,20000,5000,Incapacitating
Wet,No,Shoulder,Rain,No,0,0,0,0,0,1,0,0,0,0,Female,Apparently Normal,No,No,10000,5000,Non-incapacitating
Dry,No,Shoulder,Clear,No,0,0,0,0,0,1,0,1,0,0,Male,Apparently Normal,No,No,3500,100,Non-incapacitating
Dry,No,Shoulder,Cloudy,No,0,0,0,0,0,0,0,0,0,0,Female,Asleep or Fatigued,No,No,5000,0,Incapacitating
Dry,No,Off Roadway,Clear,No,0,0,0,0,0,1,0,0,0,0,Female,Unknown,No,Unknown,5000,0,Possible
Wet,No,On Roadway,Clear,No,0,0,0,0,0,0,0,1,0,0,Male,Apparently Normal,No,No,5000,0,Non-incapacitating
Dry,No,Median,Clear,No,0,0,0,0,0,0,0,0,0,0,Male,Apparently Normal,No,No,18000,1000,Non-incapacitating
Dry,No,Median,Clear,No,0,0,0,0,0,1,0,0,0,0,Female,Apparently Normal,No,No,2000,0,Possible
Dry,No,Median,Clear,No,0,0,0,0,0,1,0,0,0,0,Male,Apparently Normal,No,No,5000,0,Non-incapacitating
Dry,No,Shoulder,Clear,No,0,0,0,0,0,1,0,0,0,0,Male,Apparently Normal,No,No,7000,1000,Possible
Dry,No,On Roadway,Clear,No,0,0,0,0,0,1,0,0,0,0,Male,Apparently Normal,No,No,5000,800,Non-incapacitating
Dry,No,Shoulder,"Fog, Smog, Smoke",Yes,0,0,0,0,0,1,0,0,0,0,Male,Apparently Normal,No,No,8000,250,Possible
Dry,No,Shoulder,Clear,No,0,0,0,0,0,0,0,0,0,0,Female,Apparently Normal,No,No,7000,4000,Possible
Dry,No,Median,Clear,No,1,0,0,0,0,1,0,0,0,0,Male,Apparently Normal,No,No,5000,0,Incapacitating
Dry,No,Shoulder,Clear,No,0,0,0,0,0,0,0,0,0,0,Female,Apparently Normal,No,No,6000,5000,Possible
Wet,No,On Roadway,Rain,No,0,0,0,0,0,1,1,0,0,0,Male,Apparently Normal,No,No,10000,0,Possible
Dry,No,On Roadway,Clear,No,0,0,0,0,0,1,0,0,0,0,Female,Apparently Normal,No,No,5000,0,Incapacitating
Dry,Yes,On Roadway,Clear,No,1,0,0,0,0,1,0,0,0,0,Male,Unknown,No,Unknown,3000,0,Fatal
Dry,No,Off Roadway,Clear,No,0,0,1,0,0,1,0,0,0,0,Male,Under the influence of Medications/Drugs/Alcohol,No,No,10000,5000,Non-incapacitating
Dry,No,Shoulder,Clear,No,0,0,0,0,0,1,0,0,0,0,Female,Apparently Normal,No,No,4000,0,Possible
Dry,No,Shoulder,Clear,No,0,0,1,0,0,1,0,0,0,0,Female,Under the influence of Medications/Drugs/Alcohol,Yes,No,7000,2000,Non-incapacitating
Wet,No,Shoulder,Rain,No,0,0,0,0,0,0,0,0,0,0,Female,Apparently Normal,No,No,2500,0,Non-incapacitating
Dry,No,Median,Clear,No,0,0,0,0,0,1,0,0,0,0,Female,Apparently Normal,No,No,8000,1000,Non-incapacitating
Dry,No,Shoulder,Clear,No,0,0,0,0,0,0,0,0,0,1,Male,Apparently Normal,No,No,12000,0,Possible
Dry,No,Shoulder,Clear,No,0,0,0,0,0,1,0,0,0,0,Male,Apparently Normal,No,Unknown,24000,0,Possible
